# Models axis: LINEAGE -- a tree (rarely a DAG; R5 second parents are legal).
# Characteristic: what the model was built from. Governed by R1-R7 of
# MODELS_DERIVATION_BRIEF section 4, which now govern THIS AXIS ONLY.
#
# Merged from models_tree/runA and models_tree/runB under the faceted design of
# MODELS_AXES.md. The two runs' lineage spines survive; their root sets are taken
# apart, because `Autoencoder', `GAN', `Energy-based network', `Spiking neural
# network', `Embedding model' and `Factorization model' were axis values wearing
# lineage clothing. Named design families whose defining property moved to an
# axis are KEPT (VAE, Normalizing flow, Group-equivariant CNN, NTM, Liquid state
# machine) -- that distinction is the whole merge.
#
# connectivity / topology / attributes hold pipe-separated node_ids from
# axes_models/{connectivity,topology,attributes}/nodes.tsv. They record what this
# node PINS. A node INHERITS its parent's pinned values; a value is recorded only
# where the node changes or ADDS one. Empty therefore means "same as parent",
# never "unknown". Defaults (point-estimate, rate-based, no-symmetry, dense-
# computation, no-memory, deterministic-latent, non-invertible) are never pinned.
#
# `characteristic' is the principle dividing THIS node's children, and is filled
# only where a sibling set is produced by division (R4/R6). `depth' is the
# SHORTEST path to a root. No count columns.
node_id	name	parents	depth	relation	connectivity	topology	attributes	characteristic	positive_test	negative_test	examples	notes
linear_model	Linear model		0	root	fully-connected	single-component		(descent -- children are lineage descendants, R1; no dividing principle)	the prediction is an affine map of the input features, possibly through a fixed link	a learned nonlinearity sits between the input and the weights (-> MLP), or prediction needs stored training points (-> kernel machine)	linear regression; logistic regression; LDA	Root (R6). Both runs agree.
linear_regression	Linear regression	linear_model	1	descent				(leaf)	identity link, squared-error fit to a real-valued response	a non-identity link	OLS; least squares regression	Ridge / lasso / elastic net differ only in the PENALTY, which is part of the fitting procedure. Run A's reading; run B's three nodes are dropped (MERGE_RATIONALE M-14).
logistic_regression	Logistic regression	linear_model	1	descent				(descent -- children are lineage descendants, R1; no dividing principle)	logit link over a Bernoulli response	a real-valued response under an identity link	logistic regression; logit model	MODELS_BRIEF fixed point: the fit is the algorithm.
multinomial_logistic_regression	Multinomial logistic regression	logistic_regression	2	descent				(leaf)	the logistic model extended to K classes with a softmax link	a softmax output layer inside a deep network, which is a layer of that network	softmax regression; maximum entropy classifier	
glm	Generalized linear model	linear_model	1	descent				(descent -- children are lineage descendants, R1; no dividing principle)	an affine score through a chosen link with an exponential-family response	a learned nonlinear basis of the features	probit; gamma regression	R1: derived by generalising the linear model (Nelder & Wedderburn 1972). Lineage, not subsumption (A/B11).
poisson_regression	Poisson regression	glm	2	descent				(leaf)	log link over a count response	a continuous or binary response	Poisson regression	Speculative: no corpus support. Kept -- the ontology covers the field.
generalized_additive_model	Generalized additive model	glm	2	descent				(leaf)	each linear term is replaced by a learned smooth function of one feature	a single global inner product	GAM; GAMLSS	From run B. R1: introduced as an extension of the GLM. Speculative: no corpus support.
perceptron	Perceptron	linear_model	1	descent				(leaf)	a single linear threshold unit	more than one layer, or a differentiable link	Rosenblatt perceptron; averaged perceptron	The mistake-driven update is an algorithm. `perceptron` and `multilayer perceptron` share a word but not an edge (A/B14, B/B-01).
lda_discriminant	Linear discriminant analysis	linear_model	1	descent				(leaf)	a linear boundary whose coefficients come from class-conditional Gaussians with shared covariance	latent Dirichlet allocation, which shares the acronym `lda`	Fisher LDA; linear discriminant analysis	The generative parameterisation is how it is fit; the learned object is a linear boundary (B/B-02). The bare acronym `lda` is NOT resolvable.
cox_model	Cox proportional hazards model	linear_model	1	descent				(leaf)	a linear predictor of log-hazard with an unspecified baseline hazard	the partial-likelihood fitting procedure	Cox regression; Cox model	From run A. Semi-parametric; the learned object is the coefficient vector.
arima	ARIMA	linear_model	1	descent				(leaf)	linear in lagged observations and past innovations	a latent state carried by a learned transition (-> state-space model)	ARIMA; ARMA; SARIMAX	From run A. Placed by Box-Jenkins framing, not by the equivalence with a linear-Gaussian SSM.
cca	Canonical correlation analysis	linear_model	1	descent		multi-tower		(leaf)	two learned linear projections, one per view, maximising cross-view correlation	a single view, or factors reconstructing one observed matrix	CCA; regularised CCA; deep CCA (-> MLP)	DISPUTE RESOLVED (M-01): run A's `Linear model` parent kept over run B's `Factorization model`. The learned object is a pair of linear maps over two towers, not a low-rank factorisation of one matrix.
kernel_machine	Kernel machine		0	root	kernel-expansion	single-component		(descent -- children are lineage descendants, R1; no dividing principle)	prediction is a learned weighted sum of kernel evaluations against retained training points	a fixed parameter vector that makes the training set discardable; k-NN and KDE learn nothing	SVM; Gaussian process; kernel ridge regression	Root (R6). Both runs agree. Admission argued at A/B29, B/B-03.
svm	Support vector machine	kernel_machine	1	descent				(descent -- children are lineage descendants, R1; no dividing principle)	a max-margin decision function expressed over support vectors	coefficients from a least-squares or Bayesian criterion	SVM; SVC; C-SVM	Attested: 13 names, 15 mentions.
linear_svm	Linear SVM	svm|linear_model	1	descent	fully-connected			(leaf)	the SVM criterion with a linear kernel, so the object is a plain weight vector	a nontrivial kernel	linear SVM; liblinear model	R5: legitimately both (run B's reading; run A declined the second edge).
svr	Support vector regression	svm	2	descent				(leaf)	margin criterion under an epsilon-insensitive loss	a classification loss	SVR; epsilon-SVR	
one_class_svm	One-class SVM	svm	2	descent				(leaf)	margin separating the data from the origin, unlabelled	labelled classes	OCSVM	Speculative: no corpus support.
gaussian_process	Gaussian process	kernel_machine	1	descent			bayesian-weights	(descent -- children are lineage descendants, R1; no dividing principle)	the posterior mean and variance of a Gaussian prior over functions	a point estimate with no predictive variance	GP regression; sparse GP	Attested (6). Bayesian optimisation is an acquisition procedure -> algorithms.
deep_gp	Deep Gaussian process	gaussian_process	2	descent				(leaf)	a composition of GP layers	a single GP	deep GP; DGP	Speculative: no corpus support.
kernel_ridge	Kernel ridge regression	kernel_machine	1	descent				(leaf)	ridge regression in a kernel feature space	a margin or Bayesian criterion	KRR	
neural_process	Neural process	deep_sets|gaussian_process	2	descent	set-aggregation	encoder-decoder	permutation-equivariance	(descent -- children are lineage descendants, R1; no dividing principle)	a permutation-invariant encoder over a context set conditions a decoder, amortising a stochastic process	a GP whose predictive distribution is computed in closed form	CNP; NP; ANP	From run A (phase-2 blind spot). The GP edge is the weaker of the two (A/B19).
transformer_neural_process	Transformer neural process	neural_process|transformer	1	descent	self-attention			(leaf)	a neural process whose context aggregation is self-attention	mean pooling over the context	TNP; EQTNP	R5 hybrid.
decision_tree	Decision tree		0	root	tree-traversal	single-component		how the member trees enter one prediction: averaged over independently grown trees, or summed over sequentially fitted ones	the prediction is read off a traversal of learned axis-aligned tests	a global parametric function with no partition of the input space	CART; C4.5; ID3	Root (R6). Both runs agree. Run A's extra `Tree ensemble` level is dropped: its content was topology=ensemble + connectivity=tree-traversal, i.e. an axis composition (M-09).
cart	CART	decision_tree	1	descent				(leaf)	binary axis-aligned splits with Gini / variance criteria	information-gain splits over categorical attributes	CART; classification and regression tree	
id3	ID3	decision_tree	1	descent				(descent -- children are lineage descendants, R1; no dividing principle)	Quinlan's information-gain tree over categorical attributes	binary numeric splits	ID3	Speculative: no corpus support; kept as the head of a real lineage.
c45	C4.5	id3	2	descent				(leaf)	ID3 extended with continuous attributes, pruning and missing values	the original ID3	C4.5; C5.0; J48	R1: framed by its author as the successor to ID3.
decision_stump	Decision stump	decision_tree	1	descent				(leaf)	a depth-one tree	a tree of depth greater than one	decision stump	Speculative: no corpus support.
bagged_tree_ensemble	Bagged tree ensemble	decision_tree	1	division		ensemble		(descent -- children are lineage descendants, R1; no dividing principle)	the trees are grown independently on resampled data or features and their outputs averaged or voted	the trees are fitted in sequence against the running residual	random forest; extra trees; isolation forest	R4: the field names bagging; two substantive children; definable without listing them.
random_forest	Random forest	bagged_tree_ensemble	2	descent				(descent -- children are lineage descendants, R1; no dividing principle)	bagged trees with a random feature subset at each split	a single tree, or an additive ensemble	random forest; RF; generalized random forests	MODELS_BRIEF fixed point. Attested (34).
extra_trees	Extremely randomized trees	random_forest	3	descent				(leaf)	a random forest whose split thresholds are also drawn at random	impurity-chosen thresholds	extra trees	R1: framed against random forests (run A's parent kept over run B's).
isolation_forest	Isolation forest	bagged_tree_ensemble	2	descent				(leaf)	random trees scored by average path length	trees fitted against a supervised target	isolation forest	Speculative: no corpus support.
boosted_tree_ensemble	Boosted tree ensemble	decision_tree	1	division		ensemble		(descent -- children are lineage descendants, R1; no dividing principle)	the member trees are fitted sequentially to the current residual or gradient and summed with shrinkage	independently grown, averaged trees	GBDT; XGBoost; AdaBoost	R4: the field names boosting; two substantive children; definable without listing them.
gbdt	Gradient-boosted decision trees	boosted_tree_ensemble	2	descent				(descent -- children are lineage descendants, R1; no dividing principle)	an additive tree ensemble fitted to the gradient of a differentiable loss	a reweighting scheme with no gradient	GBM; gradient boosting machine	MODELS_BRIEF fixed point via XGBoost.
xgboost	XGBoost	gbdt	3	descent				(leaf)	the XGBoost release: regularised objective, sparsity-aware split finding	another boosting implementation	xgboost; extreme gradient boosting	Also a library name; the library sense belongs in libraries[].
lightgbm	LightGBM	gbdt	3	descent				(leaf)	histogram-based, leaf-wise-grown GBDT	another boosting implementation	lightgbm; lgbm	
catboost	CatBoost	gbdt	3	descent				(leaf)	ordered boosting with native categorical handling	another boosting implementation	catboost	Speculative: no corpus support.
adaboost_ensemble	AdaBoost ensemble	boosted_tree_ensemble	2	descent				(leaf)	the weighted ensemble of weak learners produced by AdaBoost	the AdaBoost reweighting procedure itself	adaboost; adaboost.m1	Run A's node kept; run B dropped it as procedure-only. Boundary L-07: it sits here because its canonical base learner is a stump.
rule_based_model	Rule-based model		0	root	rule-set-evaluation	single-component		(descent -- children are lineage descendants, R1; no dividing principle)	the learned object is an explicit set of symbolic conditions applied in order or as a set	a decision tree (a separate root), or rules extracted post hoc from another model	decision list; rule set; logic program	Root (R6), from run A only. Attested via CORELS/FairCORELS (3). AXIS GAP: the connectivity axis has no value for a symbolic rule set -- reported in SELF_AUDIT. Connectivity pinned 2026-10-02: the value was added to the axis after the merge exposed this node as unpinnable.
decision_list	Decision list	rule_based_model	1	descent				(leaf)	an ordered list of if-then rules with a default	an unordered rule set	CORELS; FairCORELS	Attested. Pin dropped 2026-10-06: it pinned Tree traversal while inheriting Rule set evaluation, whose negative tests contradict outright -- 'a hierarchy' against 'a flat set'. Rule set evaluation is the correct inherited value.
rule_set	Rule set	rule_based_model	1	descent				(leaf)	an unordered set of rules combined by voting or coverage	an ordered list	RIPPER; CN2; RuleFit	Speculative: no corpus support.
logic_program	Logic program (ILP hypothesis)	rule_based_model	1	descent				(leaf)	a learned set of first-order clauses	propositional rules only	ILP hypothesis; neural-symbolic rules	Speculative. Kept on the domains external-diff finding that logic/relational learning is a blind spot.
pgm	Probabilistic graphical model		0	root	factor-graph	single-component		the edge semantics of the factorization: directed conditional factors, or undirected potentials over cliques	the parameters are factors of a joint distribution and a graph states which variables each factor couples	a feedforward map with no joint distribution over the modelled variables	Bayesian network; HMM; CRF; Boltzmann machine	Root (R6). Both runs agree. AXIS GAP: no connectivity value describes a factor graph over variables (message passing is about learned units wired by edges). Connectivity pinned 2026-10-02: the value was added to the axis after the merge exposed this node as unpinnable.
directed_gm	Directed graphical model (Bayesian network)	pgm	1	division				(descent -- children are lineage descendants, R1; no dividing principle)	the factorization is a product of conditionals along a DAG	undirected potentials needing a partition function	Bayesian network; naive Bayes; HMM; LDA; VAE	R4. Run B's extra `Topic model` level is dropped (one child = a rename of LDA) -- R4 repair, M-12.
naive_bayes	Naive Bayes	directed_gm	2	descent				(leaf)	class-conditional independence of all features	modelled feature dependencies	naive Bayes; multinomial NB	Attested (4).
bayesian_network	Bayesian network	directed_gm	2	descent				(leaf)	a general DAG over named variables with no special latent shape	a chain, a mixture or a mixed-membership structure	Bayesian network; Bayesian belief network	From run B.
mixture_model	Mixture model	directed_gm	2	descent				(descent -- children are lineage descendants, R1; no dividing principle)	one discrete latent variable per observation selects a component	a chain, or mixed membership	GMM; k-means	Run B's shape: two children, so it is not a rename (run A had GMM alone).
gmm	Gaussian mixture model	mixture_model	3	descent				(leaf)	components are Gaussians with learned means and covariances	non-Gaussian components	GMM	
k_means	k-means	mixture_model	3	descent				(leaf)	the learned object is a set of centroids and assignment is hard	soft responsibilities and per-component covariance	k-means; k-means++	From run B (B/B-04). Admitted as the hard-assignment limit of a mixture model; Lloyd's algorithm is the algorithm.
lda_topic	Latent Dirichlet allocation	directed_gm	2	descent				(leaf)	per-document topic proportions drawn from a Dirichlet prior over shared latent topics	linear discriminant analysis, which shares the acronym	LDA; ETM; GTM-decon	Run A's placement (direct child). Run B's `Topic model` parent is dropped as a one-child grouping node.
bayesian_hierarchical	Bayesian hierarchical model	directed_gm	2	descent			bayesian-weights	(leaf)	parameters are themselves given priors at one or more higher group levels	a flat parameter vector	Bayesian hierarchical model; multilevel model	Both runs added this in phase 2.
vae	Variational autoencoder	directed_gm	2	descent	fully-connected	encoder-decoder	stochastic-latent	(descent -- children are lineage descendants, R1; no dividing principle)	a deep directed latent-variable model whose encoder emits distribution parameters and whose latent is sampled	an encoder that emits a vector (that is a plain autoencoder: topology + a reconstruction objective, not a lineage)	VAE; beta-VAE; CVAE; VQ-VAE	KEPT as a named design family with descendants, per the owner's rule. Its parent moved from the deleted `Autoencoder` root to `Directed graphical model` -- run A's own pre-committed repair (A SELF_AUDIT 2.6), and R1-grounded in Kingma & Welling's opening framing ('efficient inference and learning in directed probabilistic models with continuous latent variables'). Boundary L-02. Connectivity pinned 2026-10-06: inheriting only Factor graph from Directed graphical model was misleading -- a VAE's inference and generative nets are ordinary dense (or conv, or transformer) stacks. Both values are correct together; conv and transformer VAEs override the dense value.
beta_vae	beta-VAE	vae	3	descent				(leaf)	a VAE with an up-weighted KL term	the standard ELBO weighting	beta-VAE	R3: a separately named release; the objective weighting goes in notes and does not gate admission.
cvae	Conditional VAE	vae	3	descent				(leaf)	encoder and decoder condition on a label or context	an unconditional VAE	CVAE; VAEAC	
vq_vae	VQ-VAE	vae	3	descent			quantized-latent	(descent -- children are lineage descendants, R1; no dividing principle)	the code is quantised against a learned codebook	a continuous Gaussian code	VQ-VAE; VQ-VAE-2; discrete VAE	Pins latent-treatment back to deterministic: the codebook lookup is not a sampled Gaussian. The codebook is part of the learned object (A/B29 parity). Latent pinned 2026-10-06: resolved to Deterministic AND Stochastic before the quantized value existed.
vqgan	VQGAN	vq_vae	4	descent			quantized-latent	(leaf)	a VQ-VAE whose decoder is trained with an adversarial and perceptual loss	a purely reconstructive VQ-VAE	VQGAN	Lost its second parent when the `GAN` root was deleted: adversarial training is algorithm-side. Latent pinned 2026-10-06.
undirected_gm	Undirected graphical model (Markov random field)	pgm	1	division				(descent -- children are lineage descendants, R1; no dividing principle)	the factors are non-negative potentials over cliques, normalised globally	a product of directed conditionals	MRF; CRF; Hopfield network; Boltzmann machine	R4.
mrf	Markov random field (Ising/Potts)	undirected_gm	2	descent				(leaf)	pairwise potentials over a lattice or general graph	a model conditioned on an observed input	MRF; Ising model; Potts model	
crf	Conditional random field	undirected_gm	2	descent				(leaf)	undirected potentials over labels conditioned on the whole input	a joint model that also generates the input	CRF; linear-chain CRF	Attested (2).
hopfield	Hopfield network	undirected_gm	2	descent	fully-connected			(descent -- children are lineage descendants, R1; no dividing principle)	symmetric all-to-all weights with an energy function and attractor dynamics for associative recall	stochastic units sampled from a Boltzmann distribution	Hopfield network	DISPUTE RESOLVED (M-02): run A's `Undirected graphical model` parent kept; run B's `Energy-based network` root is deleted. Hopfield's own 1982 framing is Ising/spin-glass, which IS an undirected graphical model. Attested (1 mention).
modern_hopfield	Modern Hopfield network	hopfield	3	descent	self-attention			(leaf)	a continuous-state Hopfield energy whose update is equivalent to attention	the classical binary dynamics	modern Hopfield network	Speculative: no corpus support. The attention equivalence is a result, not an R1 edge.
boltzmann_machine	Boltzmann machine	undirected_gm	2	descent	fully-connected			(descent -- children are lineage descendants, R1; no dividing principle)	stochastic binary units with a Boltzmann distribution over configurations	deterministic relaxation	Boltzmann machine	R1: a stochastic generalisation of the Hopfield network; the structural parent is the undirected GM. Attested (3).
rbm	Restricted Boltzmann machine	boltzmann_machine	3	descent				(descent -- children are lineage descendants, R1; no dividing principle)	a bipartite Boltzmann machine with no intra-layer connections	unrestricted connectivity	RBM	Speculative: no corpus support.
dbn	Deep belief network	rbm	4	descent				(leaf)	stacked RBMs with a directed lower part	a single RBM	DBN	Speculative: no corpus support.
dbm	Deep Boltzmann machine	boltzmann_machine	3	descent				(leaf)	several hidden layers, all undirected	a directed upper part	DBM	Speculative: no corpus support.
ssm	State-space model		0	root	state-space-recurrence	single-component		(descent -- children are lineage descendants, R1; no dividing principle)	a latent state evolving under a learned transition and read out by a learned emission	a gated nonlinear recurrent cell (-> RNN) unless the paper frames it as a state-space model	Kalman filter model; HMM; S4; Mamba	Root (R6). Both runs agree. B/B-05 records why no RNN edge is asserted.
hmm	Hidden Markov model	ssm|directed_gm	1	descent				(leaf)	a discrete latent state with Markov transitions and per-state emissions	a continuous latent state	HMM; Markov switching model	R5: both runs give it two parents.
lds	Linear dynamical system (Kalman filter model)	ssm|directed_gm	1	descent				(leaf)	continuous latent state with a linear-Gaussian transition and emission	a nonlinear or learned-structured transition	Kalman filter model; LDS; dynamic linear model	R5, as for the HMM. Speculative under this name.
s4	S4	ssm	1	descent				(descent -- children are lineage descendants, R1; no dividing principle)	a structured state-space sequence model with HiPPO initialisation, runnable as a long convolution or a recurrence	a probabilistic chain with one latent state	S4; S4D; DSS	Run A's shape kept: run B's `Deep state-space model` grouping node is dropped -- its content was connectivity=state-space-recurrence, an axis value (M-10).
s5	S5	s4	2	descent				(leaf)	a simplified multi-input multi-output S4	the original single-input S4	S5	Speculative: no corpus support.
h3	H3	s4	2	descent				(descent -- children are lineage descendants, R1; no dividing principle)	shift and diagonal SSMs with multiplicative interactions	a plain S4 layer	H3; Hungry Hungry Hippos	
hyena	Hyena	h3	3	descent				(leaf)	implicit long convolutions used as a drop-in replacement for attention	explicit attention over positions	Hyena; HyenaDNA; LaughingHyena	From run B (phase-2). Attested (3+). Parent is H3 rather than the dropped `Deep state-space model`.
mamba	Mamba	s4	2	descent				(leaf)	selective state spaces whose parameters are input-dependent	an unselective SSM	Mamba; Mamba-2	Speculative: the corpus predates it. Kept.
rssm	Recurrent state-space model (RSSM)	ssm|rnn	1	descent			stochastic-latent	(leaf)	a stochastic latent state carried by a deterministic recurrent path	the planning or actor-critic procedure that uses it	RSSM; PlaNet; Dreamer world model	R5 hybrid; both runs. This is the model entity behind the world-model RL papers (DreamerV2 is attested, 6).
mlp	Feedforward network (multilayer perceptron)		0	root	fully-connected	single-component		what the fully-connected stack's input is taken to be	a stack of dense affine layers with elementwise nonlinearities and no weight sharing, recurrence or input graph	any structural constraint on the connectivity -- that constraint names a different root; a bare `neural network` string is quarantined	MLP; multilayer perceptron; two-layer network	Root (R6). Both runs agree, and both refuse the Perceptron/Linear-model parent (A/B14, B/B-01).
mlp_mixer	MLP-Mixer	mlp|vit	1	descent	!self-attention	bidirectional-encoder		(leaf)	token-mixing and channel-mixing MLPs over image patches	any attention over patches	MLP-Mixer; ResMLP; gMLP	R5 hybrid (run B's second parent kept). Negative pin 2026-10-06: resolved to Self-attention through the ViT edge, although the paper's whole claim is an all-MLP architecture WITHOUT attention. The R1 edge is right; the inherited value was not.
deep_sets	Deep Sets	mlp	1	descent	set-aggregation		permutation-equivariance	(descent -- children are lineage descendants, R1; no dividing principle)	a per-element MLP followed by a permutation-invariant pool and a second MLP	an output that depends on input order	Deep Sets; DeepSets	Run B's `Permutation-invariant set network` grouping parent is dropped: its content was connectivity=set-aggregation + attributes=permutation-equivariance, i.e. two axis values (M-11).
pointnet	PointNet	mlp	1	descent	set-aggregation		permutation-equivariance	(descent -- children are lineage descendants, R1; no dividing principle)	a per-point MLP with symmetric max pooling over an unordered point cloud	a voxel-grid or mesh convolution	PointNet	Boundary L-05: run A made it a child of Deep Sets. Rejected -- contemporaneous, shared construction is an R2 similarity edge, and the shared construction is now visible on the connectivity axis instead. Attested (2).
pointnet_pp	PointNet++	pointnet	2	descent				(leaf)	hierarchical PointNet over nested point neighbourhoods	flat global pooling	PointNet++	
coordinate_mlp	Coordinate MLP (implicit neural representation)	mlp	1	division				(descent -- children are lineage descendants, R1; no dividing principle)	an MLP mapping continuous input coordinates to a field value, so the signal is stored in the weights	a grid- or primitive-based representation with no network (-> 3D Gaussian splatting)	NeRF; SIREN; DeepSDF; PINN	R4: field-named, five substantive children, definable without listing them. The owner fixes this family here ('Implicit field is not a topology value'), where run A had it.
nerf	NeRF	coordinate_mlp	2	descent				(descent -- children are lineage descendants, R1; no dividing principle)	a coordinate MLP mapping position and view direction to colour and density, rendered by volume integration	a coordinate MLP for a non-radiance field	NeRF; neural radiance field	Attested (1).
instant_ngp	Instant-NGP	nerf	3	descent				(leaf)	NeRF with a multiresolution hash encoding	a plain positional encoding	Instant-NGP	Speculative: no corpus support.
mip_nerf	Mip-NeRF	nerf	3	descent				(leaf)	NeRF with conical-frustum (anti-aliased) sampling	ray-point sampling	Mip-NeRF	Speculative: no corpus support.
siren	SIREN	coordinate_mlp	2	descent				(leaf)	a coordinate MLP with sinusoidal activations	ReLU-style activations	SIREN	Speculative: no corpus support.
deepsdf	DeepSDF	coordinate_mlp	2	descent				(leaf)	a coordinate MLP regressing a signed distance field	a radiance field	DeepSDF	Speculative: no corpus support.
occupancy_network	Occupancy network	coordinate_mlp	2	descent				(leaf)	a coordinate MLP predicting occupancy probability	a signed distance field	occupancy networks	Speculative: no corpus support.
pinn	Physics-informed neural network	coordinate_mlp	2	descent				(leaf)	a coordinate MLP whose training loss includes a PDE residual	a coordinate MLP fitted only to observations	PINN	From run B. Attested (2). The PDE-residual loss is algorithm-side; the architecture is the coordinate MLP.
rbf_network	Radial basis function network	mlp	1	descent	kernel-expansion			(leaf)	hidden units are radial kernels centred on learned prototypes	hidden units are affine maps with pointwise nonlinearities	RBF network	From run B. Attested (2).
word2vec	word2vec	mlp	1	descent	factorized			(descent -- children are lineage descendants, R1; no dividing principle)	a log-linear predictor of context from word (or the reverse) whose weight table IS the model	contextual embeddings produced by a network (-> that network)	word2vec; CBOW; skip-gram; doc2vec	DISPUTE RESOLVED (M-01). Both runs put this under a grouping root (`Embedding model` / `Factorization model`) that is deleted. Parent is now `Feedforward network`, which is Mikolov's own framing: the two architectures are the feedforward NNLM with the nonlinear hidden layer removed. The shared 'learned low-rank table' content is pinned on connectivity instead. Speculative: ZERO corpus support, kept.
cbow	CBOW	word2vec	2	descent				(leaf)	the continuous-bag-of-words architecture	predicting context from a single word	CBOW	One of the two architectures named in the word2vec paper.
skipgram	Skip-gram	word2vec	2	descent				(descent -- children are lineage descendants, R1; no dividing principle)	the skip-gram architecture	predicting a word from its averaged context	skip-gram; SGNS	The other architecture in the same paper.
fasttext	fastText	skipgram	3	descent				(leaf)	word vectors as sums of character n-gram vectors	whole-word vectors only	fastText	R1: skip-gram extended with subword units. Speculative: no corpus support.
deepwalk	DeepWalk	skipgram	3	descent				(descent -- children are lineage descendants, R1; no dividing principle)	skip-gram applied to random walks over a graph	a GNN, which learns a function rather than a table	DeepWalk	Run B's R1 edge kept over run A's `Node embedding model` grouping node (which divided by data structure consumed). Speculative: no corpus support.
node2vec	node2vec	deepwalk	4	descent				(leaf)	DeepWalk with biased second-order walks	uniform random walks	node2vec	Speculative: no corpus support.
deepfm	DeepFM	factorization_machine|mlp	1	descent				(leaf)	a factorization machine and a deep network sharing one embedding table	either component alone	DeepFM; DCN; DLRM	R5 hybrid; both runs. Attested (3). Anchor of the deep-recommender cluster.
cnn	Convolutional network		0	root	convolution	single-component		(descent -- children are lineage descendants, R1; no dividing principle)	the same learned kernel is applied at every position of a regular grid	position-specific weights, or an irregular instance-specific neighbourhood; a bare `cnn` string resolves here, not to a release	ResNet; VGG; U-Net; MobileNet	Root (R6). Both runs agree. Three of run B's seven division children were axis values and are deleted (`Depthwise-separable network`, `Dilated convolutional network`, `Fully convolutional encoder-decoder`), and `Plain convolutional network` is deleted as definable only by negation -- see M-06..M-08. NO 1-D/2-D/3-D division (input dimensionality is the application).
lenet	LeNet	cnn	1	descent	standard-convolution		no-shortcut	(leaf)	the LeNet-5 convnet	a later deep stack	LeNet-5	Shortcut connections pinned 2026-10-06: the axes previously could not distinguish ResNet from DenseNet at all.
alexnet	AlexNet	cnn	1	descent	standard-convolution			(descent -- children are lineage descendants, R1; no dividing principle)	the 2012 ImageNet convnet with ReLU and dropout	a uniform 3x3 stack	AlexNet	Attested (3).
squeezenet	SqueezeNet	alexnet	2	descent				(leaf)	AlexNet-level accuracy from 1x1 `fire` modules	a depthwise-separable stack	SqueezeNet	Run B's R1 edge kept (run A had it flat under CNN).
vgg	VGG	cnn	1	descent	standard-convolution		no-shortcut	(descent -- children are lineage descendants, R1; no dividing principle)	a uniform stack of 3x3 convolutions	branch or shortcut structure	VGG-11; VGG-16; VGG-19	Depth variants are R3 nodes grown by the second pass. Attested (8+). Shortcut connections pinned 2026-10-06: the axes previously could not distinguish ResNet from DenseNet at all.
inception	Inception (GoogLeNet)	cnn	1	descent	standard-convolution			(descent -- children are lineage descendants, R1; no dividing principle)	each block applies several kernel sizes in parallel and concatenates them	a single kernel size per block	Inception; GoogLeNet; Inception-v3	
inception_v3	Inception-v3	inception	2	descent				(leaf)	the Inception-v3 release	another generation	Inception-v3	
xception	Xception	inception	2	descent	depthwise-separable			(leaf)	Inception taken to the limit with depthwise separable convolutions	a standard Inception block	Xception	R1: `Extreme Inception`. Run B's second parent was the deleted `Depthwise-separable network` grouping; the separability is now a pinned connectivity value instead.
resnet	ResNet	cnn	1	descent	standard-convolution		additive-residual	(descent -- children are lineage descendants, R1; no dividing principle)	blocks add an identity shortcut around the learned residual	any network that merely has skips (U-Net's skips concatenate across the resolution path)	ResNet; ResNet-18; ResNet-50	MODELS_BRIEF worked case. Depth variants are R3 nodes grown by the second pass. Attested (80+ across spellings). Shortcut connections pinned 2026-10-06: the axes previously could not distinguish ResNet from DenseNet at all.
resnext	ResNeXt	resnet	2	descent				(leaf)	residual blocks with grouped (cardinality) convolutions	a single-path residual block	ResNeXt	
wide_resnet	Wide ResNet	resnet	2	descent			additive-residual	(leaf)	residual blocks widened rather than deepened	depth scaling	WRN; wide resnet	Shortcut connections pinned 2026-10-06: the axes previously could not distinguish ResNet from DenseNet at all.
senet	SE-ResNet (SENet)	resnet	2	descent				(leaf)	residual blocks with squeeze-and-excitation channel recalibration	ungated residual blocks	SENet; SE-ResNet	
convnext	ConvNeXt	resnet	2	descent	depthwise-separable			(leaf)	a ResNet modernised with large kernels, LayerNorm and an inverted bottleneck	a 2016 residual block	ConvNeXt; ConvNeXt V2	R1: `we gradually modernize a standard ResNet`. The Swin influence is R2, not an edge.
neural_ode	Neural ODE	resnet	2	descent	!standard-convolution|!convolution|fully-connected		!additive-residual	(descent -- children are lineage descendants, R1; no dividing principle)	the forward pass is the solution of a learned ODE: the continuous-depth limit of a residual stack	a map between function spaces (-> neural operator)	neural ODE; ODE-Net	R1: framed as the limit of residual networks. Negative pins 2026-10-06: descends from ResNet by R1 (the continuous limit of a residual block), but an ODE REPLACES the residual block rather than containing one, and FFJORD and friends are not convnets. Blocks propagate to Neural SDE, CNF and FFJORD.
neural_sde	Neural SDE	neural_ode	3	descent				(leaf)	a neural ODE with a learned diffusion term	a deterministic flow	neural SDE; NSDE	From run B.
srgan	SRGAN	resnet	2	descent				(leaf)	a residual super-resolution generator trained with an adversarial and perceptual loss	a plain MSE super-resolver	SRGAN; ESRGAN	Re-parented from the deleted `GAN` root to its wiring family: the generator is SRResNet. Speculative: no corpus support.
densenet	DenseNet	cnn	1	descent	standard-convolution		concatenative-skip	(leaf)	every layer receives the concatenated outputs of all earlier layers in its block	additive shortcuts	DenseNet-121; DenseNet-161	Parent is CNN, not ResNet: the paper names ResNet to contrast connectivity patterns (A/B13). Attested (3). Shortcut connections pinned 2026-10-06: the axes previously could not distinguish ResNet from DenseNet at all.
mobilenet	MobileNet	cnn	1	descent	depthwise-separable			(descent -- children are lineage descendants, R1; no dividing principle)	a convnet built from depthwise separable convolutions for low compute	a dense spatial-and-channel convolution	MobileNet; MobileNetV2; MobileNetV3	
mobilenet_v2	MobileNetV2	mobilenet	2	descent				(leaf)	inverted residual bottleneck blocks (MBConv)	the original separable block	MobileNetV2	
efficientnet	EfficientNet	mobilenet	2	descent				(leaf)	an MBConv backbone scaled by a compound depth/width/resolution rule	hand-set scaling	EfficientNet-B0..B7; EfficientNetV2	Run A's parent kept over run B's (B's parent was the deleted separable grouping). The scaling rule is arguably a procedure (boundary L-08).
shufflenet	ShuffleNet	cnn	1	descent	depthwise-separable			(leaf)	grouped convolutions with a channel shuffle	ungrouped separable convolutions	ShuffleNet	Speculative: no corpus support.
fcn	Fully convolutional network (FCN)	cnn	1	descent		encoder-decoder		(descent -- children are lineage descendants, R1; no dividing principle)	a classification convnet with its dense layers replaced by convolutions and a learned upsampling path	a backbone that ends in a pooled vector	FCN; FCN-8s	Promoted one level when the `Encoder-decoder convnet` / `Fully convolutional encoder-decoder` grouping node was deleted as an axis value (topology=encoder-decoder + connectivity=convolution) -- M-06.
unet	U-Net	fcn	2	descent			concatenative-skip	(descent -- children are lineage descendants, R1; no dividing principle)	symmetric contracting and expanding paths joined by skip concatenations	an upsampling path with no skip concatenation	U-Net; UNet; V-Net	Run B's R1 edge kept ('we build upon the fully convolutional network'). Heavily reused outside segmentation: it is the usual denoiser inside diffusion systems. Attested (23+). Flagged for a deeper design pass. Shortcut connections pinned 2026-10-06: the axes previously could not distinguish ResNet from DenseNet at all.
unet_3d	3D U-Net	unet	3	descent				(leaf)	U-Net with volumetric convolutions	2-D convolutions	3D U-Net; V-Net	
nnunet	nnU-Net	unet	3	descent				(leaf)	a self-configuring U-Net pipeline	a hand-configured U-Net	nnU-Net	Attested (3). Largely a configuration procedure; kept as a node because it is named and run as a model (A/B26).
attention_unet	Attention U-Net	unet	3	descent	cross-attention			(leaf)	U-Net with attention gates on the skip connections	ungated skips	Attention U-Net; AttUNet	
unetpp	UNet++	unet	3	descent				(leaf)	nested, densely connected skip pathways	a single skip per scale	UNet++	Speculative under this exact name.
segnet	SegNet	fcn|vgg	2	descent		encoder-decoder		(leaf)	a VGG-16 encoder paired with a decoder that upsamples using stored pooling indices	skip concatenation of feature maps	SegNet	R5: run B's second parent kept (the paper defines the encoder as topologically identical to VGG-16). Topology pinned 2026-10-06 (audit: parents disagreed). A plain convolutional encoder-decoder, trained end to end.
pix2pix	pix2pix	unet	3	descent				(descent -- children are lineage descendants, R1; no dividing principle)	a U-Net generator with a patch discriminator for paired image-to-image translation	unpaired or label-only conditioning	pix2pix	Re-parented from the deleted `GAN` root to its wiring family: the generator IS a U-Net, which is what the paper specifies. The adversarial game is algorithm-side.
cyclegan	CycleGAN	pix2pix	4	descent				(leaf)	two generators and two discriminators wired in a cycle for unpaired translation	paired supervision	CycleGAN	Run B's R1 edge kept ('our method builds on pix2pix'). The cycle WIRING is what admits it as a model; the cycle-consistency loss alone would make it an algorithm (A/B04).
deeplab	DeepLab	cnn	1	descent	dilated-convolution			(leaf)	atrous convolution with spatial pyramid pooling for dense prediction	a path that restores resolution by learned upsampling	DeepLab; DeepLabv3; DeepLabv3+	Not under FCN: v1/v2 never restore resolution by learned upsampling.
wavenet	WaveNet	cnn	1	descent	dilated-convolution	causal-decoder		(leaf)	stacked dilated causal convolutions over raw audio	non-causal dilation	WaveNet	Speculative: no corpus support.
tcn	Temporal convolutional network	cnn	1	descent	dilated-convolution	causal-decoder		(leaf)	dilated causal convolutions over a generic sequence	a carried recurrent state	TCN	Attested (1).
tdnn	Time-delay neural network	cnn	1	descent				(leaf)	weights shared across a sliding temporal context window	two-dimensional spatial weight sharing	TDNN; ECAPA-TDNN; x-vector network	Both runs added this in phase 2 (the speech cluster had no home). Attested (2).
pixelcnn	PixelCNN	cnn	1	descent		causal-decoder		(leaf)	masked convolutions giving an autoregressive factorisation over pixels	unmasked convolutions	PixelCNN; gated PixelCNN	Speculative: no corpus support.
i3d	I3D	cnn	1	descent				(leaf)	a 2-D convnet inflated to 3-D for video	a 2-D convnet over frames	I3D	R1: `inflated` from an ImageNet convnet.
slowfast	SlowFast	cnn	1	descent		multi-tower		(leaf)	two pathways over the same video at different frame rates	a single pathway	SlowFast	Speculative: no corpus support.
gcnn_equivariant	Group-equivariant CNN	cnn	1	descent			euclidean-equivariance	(descent -- children are lineage descendants, R1; no dividing principle)	weight sharing over a larger symmetry group than translation	equivariance obtained by data augmentation	G-CNN; P4-CNN; FAENet; canonicalization networks	KEPT as a named design family with descendants even though its defining property moved to the attributes axis -- the owner's explicit rule. Attested via the equivariance cluster (6+).
steerable_cnn	Steerable CNN	gcnn_equivariant	2	descent				(leaf)	a steerable filter basis over continuous groups	a finite group acting by permutation of filters	steerable CNN; E(2)-CNN; escnn	Speculative under this exact name.
capsule_network	Capsule network	cnn	1	descent				(leaf)	vector-valued capsules routed by agreement rather than scalar units pooled	scalar feature maps with pooling	CapsNet	Speculative: no corpus support.
rcnn	R-CNN	cnn	1	descent				(descent -- children are lineage descendants, R1; no dividing principle)	region proposals classified by CNN features	dense prediction over the whole image in one pass	R-CNN	Run B's nested chain kept over run A's series-flattening: each step is an exact R1 edge. Boundary: detectors are backbone-parametric; the backbone pairing belongs to the run (B/B-06).
fast_rcnn	Fast R-CNN	rcnn	2	descent				(descent -- children are lineage descendants, R1; no dividing principle)	shared convolutional features with RoI pooling	per-proposal CNN evaluation	Fast R-CNN	
faster_rcnn	Faster R-CNN	fast_rcnn	3	descent				(descent -- children are lineage descendants, R1; no dividing principle)	a learned region proposal network replaces the external proposal step	external proposals	Faster R-CNN	Attested (3).
mask_rcnn	Mask R-CNN	faster_rcnn	4	descent				(leaf)	Faster R-CNN with a parallel mask head	box outputs only	Mask R-CNN	Attested (3).
yolo	YOLO	cnn	1	descent				(leaf)	single-pass dense box regression over a grid	a proposal stage	YOLO; YOLOv3; YOLOv8	Generations attach here by descent. The paper names R-CNN to contrast, not to derive (A/B13).
ssd	SSD	cnn	1	descent				(leaf)	single-shot multibox detection over multiple feature scales	a proposal stage	SSD	
retinanet	RetinaNet	cnn	1	descent				(leaf)	a one-stage detector with a feature pyramid	a two-stage detector	RetinaNet	The focal loss is algorithm-side.
fpn	Feature pyramid network	cnn	1	descent				(leaf)	a top-down pathway with lateral connections building a multi-scale feature pyramid	a single-scale feature map	FPN	Speculative as a standalone model: usually a component. Kept because it is separately named and run (A/B28).
dcgan	DCGAN	cnn	1	descent				(descent -- children are lineage descendants, R1; no dividing principle)	a strided-convolutional generator paired with a convolutional discriminator	fully connected GAN halves	DCGAN	Re-parented from the deleted `GAN` root to its wiring family, per the owner's disposition. The generator/discriminator pairing and the adversarial game are algorithm-side.
progan	Progressive GAN	dcgan	2	descent				(descent -- children are lineage descendants, R1; no dividing principle)	resolution grown progressively during training	fixed-resolution training	ProGAN; PGGAN	Run B's R1 edge kept.
stylegan	StyleGAN	progan	3	descent				(leaf)	a style-based generator with per-layer modulation from a mapping network	a direct noise-to-image generator	StyleGAN; StyleGAN2; StyleGAN3	R1: built on the ProGAN generator. Attested (2).
biggan	BigGAN	dcgan	2	descent				(leaf)	a large class-conditional convolutional generator with truncation sampling	a small or unconditional generator	BigGAN	Boundary L-06: run A and B both put it under `Conditional GAN`, which is deleted (conditioning is not a lineage).
eegnet	EEGNet	cnn	1	descent	depthwise-separable			(leaf)	a compact depthwise-separable convnet over EEG channel-time arrays	a generic image convnet	EEGNet	Coverage addition: attested (3) and present in NEITHER run.
rnn	Recurrent network		0	root	recurrence	single-component		the form of the recurrent state update	the same parameters are applied at each step to a hidden state fed back from the previous step	a fixed-length context processed in one shot; the Transformer is framed as dispensing with recurrence	RNN; LSTM; GRU; Elman network	Root (R6). Both runs agree.
elman_rnn	Elman RNN	rnn	1	descent				(leaf)	an ungated tanh update of the hidden state	gating, or a fixed random recurrence	vanilla RNN; simple RNN; Elman network	
lstm	LSTM	rnn	1	descent	gated-recurrence			(descent -- children are lineage descendants, R1; no dividing principle)	a gated cell state with input, forget and output gates	a gated update with no separate cell state	LSTM; long short-term memory	Attested (3+).
bilstm	BiLSTM	lstm	2	descent		bidirectional-encoder		(leaf)	two LSTMs run in opposite directions with the states concatenated	a single direction	BiLSTM; bidirectional LSTM	
tree_lstm	Tree-LSTM	lstm	2	descent				(leaf)	LSTM gating composed over a tree rather than a chain	a sequential chain	Tree-LSTM	
convlstm	ConvLSTM	lstm|cnn	1	descent	gated-recurrence|convolution			(leaf)	LSTM gates computed by convolutions over a spatial grid	fully connected gates	ConvLSTM	R5 hybrid; both runs.
gru	GRU	rnn	1	descent	gated-recurrence			(descent -- children are lineage descendants, R1; no dividing principle)	reset and update gates with no separate cell state	a separate cell state	GRU; gated recurrent unit	Both runs refuse the LSTM parent: `motivated by the LSTM unit but simpler` is R2 influence (A/B12, B/B-07).
seq2seq	Sequence-to-sequence (RNN encoder-decoder)	lstm|gru	2	descent		encoder-decoder		(descent -- children are lineage descendants, R1; no dividing principle)	one recurrent network encodes a source sequence into a vector and another decodes the target	a single recurrent pass over one sequence	seq2seq; RNN encoder-decoder	R5 composite; run B's two parents kept (Sutskever uses LSTMs, Cho GRUs).
attention_seq2seq	Attentional encoder-decoder	seq2seq	3	descent	cross-attention			(leaf)	the recurrent decoder attends over all encoder states at each step	a single fixed context vector	Bahdanau attention; Luong attention; Tacotron	Historically the parent of attention but NOT of the Transformer, which is framed as a replacement (A/B13, B/B-20).
reservoir_network	Reservoir network	rnn	1	division				(descent -- children are lineage descendants, R1; no dividing principle)	the recurrent weights are fixed and random; only a readout is learned	all recurrent weights are learned	echo state network; liquid state machine; reservoir computing	R4: field-named, two substantive children, definable without listing them. Speculative: no corpus support.
esn	Echo state network	reservoir_network	2	descent				(leaf)	a rate-based fixed reservoir with a linear readout	a spiking reservoir	ESN	Speculative: no corpus support.
lsm	Liquid state machine	reservoir_network	2	descent			spiking	(leaf)	a spiking fixed reservoir with a trained readout	a rate-based reservoir	LSM	This is the ONLY surviving node from run B's deleted `Spiking neural network` root: a distinct spiking DESIGN lineage, which now pins the attribute instead of being a root (M-05). Speculative: no corpus support.
recursive_nn	Recursive neural network	rnn	1	descent	recursive-composition			(leaf)	the same parameters are applied over a tree structure rather than a sequence	a linear chain	RecNN	From run B. AXIS GAP: no connectivity value describes composition over a parse tree. Connectivity pinned 2026-10-02: the value was added to the axis after the merge exposed this node as unpinnable.
ntm	Neural Turing Machine	rnn	1	descent			external-memory	(descent -- children are lineage descendants, R1; no dividing principle)	a recurrent controller with an addressable external store read and written by differentiable attention	state carried only in activations	Neural Turing Machine; NTM	KEPT as a named design family although external memory is now an attribute -- it has a named descendant.
dnc	Differentiable Neural Computer	ntm	2	descent				(leaf)	NTM with improved memory allocation and temporal linking	the original addressing scheme	DNC	
memory_network	Memory network	rnn	1	descent			external-memory	(leaf)	an explicit memory array queried by a controller	a store that is the input itself	memory networks; end-to-end memory networks	
pixelrnn	PixelRNN	rnn	1	descent		causal-decoder		(leaf)	row and diagonal LSTMs factorising an image autoregressively	masked convolutions (-> PixelCNN)	PixelRNN	Speculative: no corpus support.
transformer	Transformer		0	root	self-attention		additive-residual	(descent -- children are lineage descendants, R1; no dividing principle)	stacked self-attention over a set of tokens with positional information, with no recurrence and no convolution in the backbone	attention added to a recurrent or convolutional backbone that still carries the computation; a bare `attention-based model` string is quarantined	BERT; GPT; T5; ViT	Root (R6); MODELS_BRIEF worked case. NO topology pin at the root: topology varies across its children and each child pins its own. The `Encoder-only` / `Decoder-only` / `Encoder-decoder` level that BOTH runs built here is DELETED -- it is topology, not lineage (owner). The cut survives on the topology axis, so nothing is lost. Consequence: a very wide direct sibling set -- reported as a finding, flagged in SELF_AUDIT. Shortcut connections pinned 2026-10-06: the axes previously could not distinguish ResNet from DenseNet at all.
bert	BERT	transformer	1	descent		bidirectional-encoder		(descent -- children are lineage descendants, R1; no dividing principle)	the BERT release, or a model whose own framing defines it as a BERT variant	any bidirectional encoder whose framing does not name BERT	BERT; bert-base; bert-large	MODELS_BRIEF worked case. Most-named model in the corpus (35 papers). Flagged for a deeper design pass by BOTH runs.
longformer	Longformer	bert	3	descent			sparse-attention	(leaf)	a RoBERTa whose attention is sparsified to a sliding window plus global tokens	dense attention	Longformer	From run B. AXIS GAP: attention sparsity is cross-cutting and has no axis value -- see SELF_AUDIT. Attention sparsity pinned 2026-10-06: the family was added to the attributes axis after the merge, so Longformer and BERT resolved identically. Reparented 2026-10-06 when its weight-variant parent was collapsed.
albert	ALBERT	bert	2	descent	factorized			(leaf)	BERT with factorized embeddings and cross-layer parameter sharing	an unshared BERT	ALBERT	Attested (3).
distilbert	DistilBERT	bert	2	descent				(leaf)	a distilled, halved-depth BERT	a BERT trained from scratch at that size	DistilBERT	MODELS_BRIEF worked case. Attested (11).
deberta	DeBERTa	bert	2	descent				(leaf)	BERT with disentangled content and position attention	standard additive position encodings	DeBERTa; DeBERTa-v3	
tinybert	TinyBERT	bert	2	descent				(leaf)	a small BERT distilled at several layers	a full-size BERT	TinyBERT	
mobilebert	MobileBERT	bert	2	descent				(leaf)	a bottlenecked, thin-deep BERT for on-device use	a full-width BERT	MobileBERT	Speculative: no corpus support.
vilbert	ViLBERT	bert|cnn	1	descent	cross-attention	multi-tower		(leaf)	two BERT streams, one over text and one over CNN region features, joined by co-attention	a single-stream vision-language encoder	ViLBERT	Coverage addition: attested (3) and present in NEITHER run. R5 composite.
vit	Vision Transformer (ViT)	transformer	1	descent		bidirectional-encoder		(descent -- children are lineage descendants, R1; no dividing principle)	a Transformer encoder over a sequence of flattened image patches with a learned patch embedding	a convnet with an attention block (-> CNN)	ViT; vision transformer; ViT-B/16	MODELS_BRIEF worked case; the brief's literal row puts it directly under `transformer`, which is now exactly where it sits (both runs had it one level deeper, under the deleted `Encoder-only` node). Attested (20+). Flagged for a deeper design pass.
deit	DeiT	vit	2	descent				(leaf)	a data-efficient ViT trained with a distillation token	a ViT trained on large-scale data alone	DeiT	
swin	Swin Transformer	vit	2	descent				(leaf)	a hierarchical ViT with shifted local attention windows	global attention at one scale	Swin; SwinV2	
beit	BEiT	vit|bert	2	descent				(leaf)	a ViT pretrained with BERT-style masked image-token prediction	supervised or contrastive ViT pretraining	BEiT; BEiTv2	R5 hybrid: the title names both parents.
sam	Segment Anything (SAM)	vit	2	descent	cross-attention			(leaf)	a ViT image encoder with a prompt encoder and a lightweight mask decoder	a convolutional segmentation network	SAM; MedSAM; SAM-Med	Attested (3). The string `sam` also collides with sharpness-aware minimisation and LiDAR SLAM.
dit	Diffusion Transformer (DiT)	vit	2	descent				(leaf)	a ViT operating on latent patches as the denoiser of a diffusion system	a convolutional denoiser	DiT; DiT-XL/2	R1 to ViT; the U-Net it replaces is a contrast, not a parent.
esm	ESM	transformer	1	descent		bidirectional-encoder		(leaf)	a masked-LM Transformer over amino-acid sequences	a structure- or graph-based protein model	ESM-1b; ESM-2; ESM-GearNet	Both runs added this in phase 2. Attested (3+).
perceiver	Perceiver	transformer	1	descent	cross-attention	bidirectional-encoder		(leaf)	cross-attention from a large input array into a small learned latent array refined by self-attention	self-attention over the inputs themselves	Perceiver; Perceiver IO	Attested (3). Topology pinned 2026-10-06: resolved to NO topology. A Perceiver cross-attends inputs into a latent array and self-attends it; nothing is causal.
set_transformer	Set Transformer	transformer	1	descent	set-aggregation	single-component	permutation-equivariance	(leaf)	attention over set elements with no positional encoding	positional encodings that impose an order	Set Transformer	From run B. Run B's second parent was the deleted set-network grouping; the invariance is pinned instead. Topology pinned 2026-10-06: resolved to NO topology.
alphafold	AlphaFold	transformer	1	descent	cross-attention	bidirectional-encoder	euclidean-equivariance	(leaf)	an attention stack over an MSA and pair representation feeding an equivariant structure module	a sequence-only protein language model	AlphaFold2; AlphaFold-Multimer	Both runs added this in phase 2. Attested (3). Composite in shape; only the attention lineage is claimed.
conformer	Conformer	transformer|cnn	1	descent	self-attention|convolution	bidirectional-encoder		(leaf)	a Transformer encoder block with a convolution module inserted	either mechanism alone	Conformer; EEGConformer	MODELS_BRIEF worked case for the R5 hybrid. Attested (3).
wav2vec2	wav2vec 2.0	transformer|cnn	1	descent	self-attention|convolution	bidirectional-encoder		(descent -- children are lineage descendants, R1; no dividing principle)	a convolutional feature encoder feeding a Transformer context network over raw audio	a spectrogram-input Transformer	wav2vec 2.0; XLSR	R5 composite; both runs. Attested (4).
wavlm	WavLM	wav2vec2	2	descent				(leaf)	the same architecture with denoising and utterance-mixing pretraining	clean-speech pretraining only	WavLM	From run B. Attested (3).
gpt	GPT	transformer	1	descent		causal-decoder		(descent -- children are lineage descendants, R1; no dividing principle)	the GPT line: a causal Transformer decoder pretrained on next-token prediction	any decoder-only LM whose framing does not name GPT	GPT; GPT-1	Series head. Generations attach here as siblings, with the predecessor in notes (A/B02, B/B-21).
gpt2	GPT-2	gpt	2	descent				(leaf)	the GPT-2 release	another generation	GPT-2; distilgpt2	Predecessor: GPT. Attested (13).
gpt3	GPT-3	gpt	2	descent				(descent -- children are lineage descendants, R1; no dividing principle)	the GPT-3 release or a direct open replication of it	a later generation	GPT-3; davinci	Predecessor: GPT-2 (`same model and architecture as GPT-2`). Attested (16).
opt	OPT	gpt3	3	descent				(leaf)	the OPT release, an open reproduction of GPT-3	a different training recipe	OPT-175B; opt-1.3b	Run B's R1 edge kept over run A's flat placement. Attested (7).
gpt_neox	GPT-NeoX	gpt3	3	descent				(descent -- children are lineage descendants, R1; no dividing principle)	the GPT-NeoX architecture and its releases	another open LLM codebase	GPT-NeoX; GPT-Neo; GPT-J	Run B's R1 edge kept. Attested (3+).
pythia	Pythia	gpt_neox	4	descent				(leaf)	the Pythia suite trained with the GPT-NeoX architecture	another open suite	Pythia-1.4b	From run B. Attested (7).
gpt35	GPT-3.5	gpt	2	descent				(leaf)	the GPT-3.5 release family	GPT-3 or GPT-4	GPT-3.5; gpt-3.5-turbo	Predecessor: GPT-3, instruction-tuned. Attested (13+).
gpt4	GPT-4	gpt	2	descent				(leaf)	the GPT-4 release family	an earlier generation	GPT-4; GPT-4V; GPT-4o	Attested (33) -- the second most-named model. The architecture is unpublished; the edge rests on vendor framing (B/B-16).
chatgpt	ChatGPT	gpt	2	descent				(leaf)	the deployed chat product whose served model is a GPT-3.5 or GPT-4 release	a distinct architecture	ChatGPT	From run A. Attested (16). A product name is a NODE, not a spelling: the served model changes over time (A/B23).
codex	Codex	gpt	2	descent				(leaf)	a GPT model fine-tuned on public code	a code model trained from scratch	Codex; code-davinci-002; GitHub Copilot	R1: `a GPT language model fine-tuned on publicly available code`. Attested (10).
llama	LLaMA	transformer	1	descent		causal-decoder		(descent -- children are lineage descendants, R1; no dividing principle)	the LLaMA line: pre-norm, SwiGLU and rotary embeddings trained on public data	another open family	LLaMA; llama-7b; llama-13b	Series head. Attested (8+). Wide, but almost entirely through R3 size/chat variants: NO grouping level needed.
llama2	Llama 2	llama	2	descent				(descent -- children are lineage descendants, R1; no dividing principle)	the Llama 2 release family	Llama 1 or Llama 3	Llama 2; llama2-7b; llama2-7b-chat	Attested (6+). Size variants are R3 nodes grown by the second pass.
llama3	Llama 3	llama	2	descent				(leaf)	the Llama 3 release family	an earlier generation	llama3-70b	
code_llama	Code Llama	llama2	3	descent				(leaf)	Llama 2 further trained on code	a general-purpose Llama	Code Llama; CodeLlama	
mistral	Mistral	transformer	1	descent		causal-decoder		(descent -- children are lineage descendants, R1; no dividing principle)	the Mistral line: sliding-window and grouped-query attention	another open family	Mistral-7B	Attested (6+).
mixtral	Mixtral	mistral	2	descent			conditional-computation	(leaf)	Mistral blocks with sparsely routed expert feed-forward layers	a dense Mistral	Mixtral-8x7B	Sparse routing is pinned as an ATTRIBUTE, not made a grouping node -- both runs reached the same conclusion (A/B06, B/B-18).
bloom	BLOOM	transformer	1	descent		causal-decoder		(leaf)	the BLOOM multilingual open decoder	another multilingual LLM	BLOOM; BLOOMZ	
palm	PaLM	transformer	1	descent		causal-decoder		(leaf)	the PaLM release family	another proprietary family	PaLM; PaLM-2; Flan-PaLM	
falcon	Falcon	transformer	1	descent		causal-decoder		(leaf)	the Falcon release family	another open family	Falcon-7B; Falcon-40B	Attested (3).
gemma	Gemma	transformer	1	descent		causal-decoder		(leaf)	the Gemma open release family	another open family	Gemma-2B; Gemma-7B	
phi	Phi	transformer	1	descent		causal-decoder		(leaf)	the Phi small decoder family trained on curated data	a large web-corpus model	Phi; Phi-2	From run A.
qwen	Qwen	transformer	1	descent		causal-decoder		(leaf)	the Qwen release family	another open family	Qwen; Qwen2	From run A. Speculative: no corpus support.
deepseek	DeepSeek	transformer	1	descent		causal-decoder		(leaf)	the DeepSeek release family	another open family	DeepSeek; deepseek-coder	From run A.
olmo	OLMo	transformer	1	descent		causal-decoder		(leaf)	the fully open OLMo release family	an open-weights-only family	OLMo	From run A.
claude	Claude	transformer	1	descent		causal-decoder		(leaf)	the Claude release family	another proprietary family	Claude; Claude 2; Claude 3	Attested (3). Closed weights; edge rests on vendor framing.
gemini	Gemini	transformer	1	descent		causal-decoder		(leaf)	the Gemini released multimodal family	another proprietary family	Gemini; Gemini Pro; Bard	From run A. Closed weights; `Bard` is the product surface.
gopher	Gopher	transformer	1	descent		causal-decoder		(descent -- children are lineage descendants, R1; no dividing principle)	the Gopher decoder family	another family	Gopher	From run A.
chinchilla	Chinchilla	gopher	2	descent				(leaf)	a compute-optimal retraining of the Gopher architecture	the original token budget	Chinchilla	Speculative: no corpus support.
transformer_xl	Transformer-XL	transformer	1	descent		causal-decoder		(descent -- children are lineage descendants, R1; no dividing principle)	segment-level recurrence with relative positions	a fixed-context causal Transformer	Transformer-XL; GTrXL	
xlnet	XLNet	transformer_xl	2	descent				(leaf)	permutation-order autoregressive pretraining on a Transformer-XL backbone	a masked-token objective	XLNet	Framed against BERT as well; only the architectural parent is asserted.
decision_transformer	Decision Transformer	transformer	1	descent		causal-decoder		(leaf)	offline control cast as causal sequence modelling over returns, states and actions	a policy trained by a value update	Decision Transformer; Trajectory Transformer	Attested (3).
rwkv	RWKV	transformer|rnn	1	descent	self-attention|recurrence|!self-attention	causal-decoder		(leaf)	a linear-attention formulation trainable in parallel and runnable as an RNN	quadratic attention at inference	RWKV	R5 hybrid. Speculative: no corpus support. Now a direct Transformer child (run A had to attach it to the deleted division node). Negative pin 2026-10-06: RWKV replaces attention with a linear recurrence, so inheriting Self-attention from Transformer was wrong.
t5	T5	transformer	1	descent		encoder-decoder		(descent -- children are lineage descendants, R1; no dividing principle)	a text-to-text encoder-decoder pretrained with span corruption	a single stack of either kind	T5; t5-base; t5-large	Attested (11+).
mt5	mT5	t5	2	descent				(leaf)	the multilingual T5	a monolingual T5	mT5	Attested (3).
flan_t5	Flan-T5	t5	2	descent				(leaf)	T5 instruction-tuned on the Flan mixture	a base T5	Flan-T5; flan-t5-xxl	Attested (6).
byt5	ByT5	t5	2	descent				(leaf)	T5 operating on raw bytes	subword tokenisation	ByT5	
ul2	UL2	t5	2	descent				(leaf)	a T5-style model with a mixture-of-denoisers objective and mode switching	a single denoising objective	UL2; Flan-UL2	A prefix-LM, so the topology pin is strained (A/B30). Speculative.
switch_transformer	Switch Transformer	t5	2	descent			conditional-computation	(leaf)	a T5 whose feed-forward blocks are replaced by sparsely routed experts	a dense T5	Switch Transformer	From run B. Routing is pinned as an attribute, not grouped.
bart	BART	transformer	1	descent		encoder-decoder		(descent -- children are lineage descendants, R1; no dividing principle)	a denoising encoder-decoder pretrained to reconstruct corrupted text	span-corruption text-to-text pretraining	BART; bart-large	Attested (11).
mbart	mBART	bart	2	descent				(leaf)	a multilingual BART	a monolingual BART	mBART	Speculative.
pegasus	Pegasus	transformer	1	descent		encoder-decoder		(leaf)	an encoder-decoder pretrained with gap-sentence generation	a general denoising objective	Pegasus	
whisper	Whisper	transformer	1	descent		encoder-decoder		(leaf)	an encoder-decoder over log-mel frames for recognition and translation	a self-supervised audio encoder	Whisper	Attested (3).
detr	DETR	transformer|resnet	1	descent	cross-attention	encoder-decoder		(leaf)	set-based detection by an encoder-decoder Transformer over CNN features with learned object queries	anchor-based dense detection	DETR; Deformable DETR	R5 hybrid; both runs. Attested (3).
graph_transformer	Graph Transformer	transformer|gnn	1	descent	self-attention|message-passing		permutation-equivariance	(leaf)	global attention over nodes with structural or positional encodings standing in for adjacency	attention restricted to graph edges	Graphormer; GraphGPS; GRIT; Equiformer	R5 hybrid; both runs.
clip	CLIP	vit|transformer	1	descent		multi-tower		(descent -- children are lineage descendants, R1; no dividing principle)	a jointly trained image encoder and text encoder sharing one embedding space	a single-modality encoder	CLIP; OpenCLIP; CLIPSeg	MODELS_BRIEF worked case for the R5 composite. Attested (29) -- third most-named. The contrastive objective is algorithm-side.
blip	BLIP	vit|bert	2	descent	cross-attention	multi-tower		(leaf)	a ViT image encoder coupled to a BERT-style text encoder-decoder	a contrastive-only dual encoder	BLIP; BLIP-2; InstructBLIP	R5 composite; both runs. Attested (3+). Topology pinned 2026-10-06: image encoder plus text encoder joined by cross-attention is multi-tower, matching ViLBERT. The two disagreed for the same architecture shape.
flamingo	Flamingo	vit|transformer	1	descent	cross-attention	causal-decoder		(leaf)	a frozen vision encoder bridged by gated cross-attention into a frozen LM	a jointly trained dual encoder	Flamingo; OpenFlamingo	From run A. R5 composite. Topology pinned 2026-10-06: with parents vit|transformer it took Bidirectional encoder stack purely from column ORDER, although its language model is a frozen causal decoder.
llava	LLaVA	clip|llama	2	descent		causal-decoder		(leaf)	a CLIP vision encoder projected into a LLaMA decoder	a dual-encoder contrastive model	LLaVA; LLaVA-1.5	R5 composite; both runs. Attested (3).
stable_diffusion	Stable Diffusion (latent diffusion)	unet|vae|clip	2	descent		cascade		(leaf)	a U-Net denoiser in the latent space of a VAE, conditioned by a text encoder	the denoising procedure itself, which is an algorithm	Stable Diffusion; SDXL; latent diffusion	R5 composite; both runs. Attested (9). The owner's disposition: diffusion is algorithm-side, but named diffusion SYSTEMS are composites and may be lineage nodes. This is the template for all of them. Topology pinned 2026-10-06 (audit: parents disagreed). A separately trained VAE, text encoder and U-Net denoiser composed at inference -- a cascade, not one jointly trained encoder-decoder.
imagen	Imagen	unet|t5	2	descent				(leaf)	a frozen T5 text encoder conditioning a cascade of diffusion U-Nets	a latent-space denoiser	Imagen; Imagen Video	From run A. R5 composite.
dalle	DALL-E	gpt|vq_vae	2	descent		causal-decoder		(leaf)	autoregressive generation of discrete image tokens from a learned codebook	continuous-space denoising	DALL-E	From run B. R5 composite. Attested (3). Topology pinned 2026-10-06 (audit: parents disagreed). DALL-E 1 is an autoregressive transformer over image tokens.
dalle2	DALL-E 2	clip|unet	2	descent		cascade		(leaf)	a CLIP-latent prior with a diffusion decoder	autoregressive token generation	DALL-E 2; GLIDE	From run A. R5 composite. Attested (3). Topology pinned 2026-10-06 (audit: parents disagreed). unCLIP composes a CLIP text encoder, a prior and a diffusion decoder, each trained apart.
gnn	Graph neural network		0	root	message-passing	single-component	permutation-equivariance	(descent -- children are lineage descendants, R1; no dividing principle)	a node representation is updated from messages along the edges of an instance-supplied graph	a fixed regular neighbourhood (-> CNN) or attention over a fully connected set (-> Transformer); graph EMBEDDINGS learn a table, not a function	GCN; GAT; GraphSAGE; MPNN	Root (R6). Both runs agree, and both refuse the CNN parent (shared primitive is never an edge, A/B15). Run B's `Graph convolutional network` and `Equivariant graph network` division nodes are deleted as axis values (M-07).
chebnet	ChebNet	gnn	1	descent	spectral-graph-convolution			(descent -- children are lineage descendants, R1; no dividing principle)	spectral filtering by Chebyshev polynomials of the Laplacian	aggregation defined directly on neighbours	ChebNet; Chebyshev GCN	Speculative under this name, but the head of a real lineage.
gcn	GCN	chebnet	2	descent				(descent -- children are lineage descendants, R1; no dividing principle)	the first-order spectral approximation: symmetric-normalised neighbourhood averaging	a higher-order spectral filter	GCN; graph convolutional network; GCNII	Run B's R1 edge kept (Kipf & Welling define GCN as a first-order approximation of ChebNet). Attested (9+).
rgcn	R-GCN	gcn	3	descent				(leaf)	relation-specific weight matrices per edge type	a single shared weight matrix	R-GCN; relational GCN	Speculative under this name.
gat	GAT	gnn	1	descent	spatial-message-passing|self-attention			(leaf)	attention-weighted neighbourhood aggregation	uniform or degree-normalised weights	GAT; GATv2; HAN	Attested (3+).
graphsage	GraphSAGE	gnn	1	descent	spatial-message-passing			(descent -- children are lineage descendants, R1; no dividing principle)	a learned aggregator over a sampled fixed-size neighbourhood	full-neighbourhood aggregation	GraphSAGE; SAGE	Attested (3).
pinsage	PinSAGE	graphsage	2	descent				(leaf)	GraphSAGE scaled with random-walk sampling for web-scale recommendation	uniform neighbour sampling	PinSAGE	Speculative: no corpus support.
gin	GIN	gnn	1	descent	spatial-message-passing			(leaf)	injective sum aggregation matched to the WL test's power	mean or max aggregation	GIN; GINE	Attested.
mpnn	Message passing neural network	gnn	1	descent	spatial-message-passing			(descent -- children are lineage descendants, R1; no dividing principle)	edge-conditioned messages with a readout, stated as a general formulation	a spectral filter	MPNN	Also a FRAMEWORK that subsumes GCN/GAT in extension; the edge here is lineage, not subsumption. Attested (1).
schnet	SchNet	mpnn	2	descent			euclidean-equivariance	(leaf)	continuous-filter convolutions over interatomic distances	angular or higher-order geometric features	SchNet	Attested (9). Run B's `Equivariant graph network` parent is deleted; the equivariance is pinned instead.
dimenet	DimeNet	mpnn	2	descent			euclidean-equivariance	(leaf)	directional message passing with angular basis functions	distance-only messages	DimeNet; DimeNet++; GemNet; PaiNN	Attested (2+).
egnn	EGNN	gnn	1	descent			euclidean-equivariance	(leaf)	E(n)-equivariant message passing on coordinates and features	invariance obtained only through distances	EGNN; CloFNet; EquiBind; GVP	Attested (5).
vgae	Variational graph autoencoder (VGAE)	gnn|vae	1	descent		encoder-decoder	stochastic-latent	(leaf)	a GNN encoder with an inner-product decoder reconstructing the adjacency	a GNN trained for node classification	GAE; VGAE	R5 hybrid; kept as a named design family after the `Autoencoder` root was deleted. Speculative.
normalizing_flow	Normalizing flow		0	root		single-component	invertible	the form of the invertible transformation	the network is invertible by construction with a tractable Jacobian determinant	a decoder that approximates the inverse; GFlowNets share only the word `flow`	NICE; RealNVP; Glow; MAF; FFJORD	Root (R6), KEPT after judging under R6 per the owner's instruction: invertibility moved to the attributes axis, but NICE -> RealNVP -> Glow is a real R1 descent spine and MODELS_AXES itself speaks of `a Normalizing flow family`. The coupling / autoregressive / continuous-time split is lineage substructure, as the owner states. Attested (6).
coupling_flow	Coupling-layer flow	normalizing_flow	1	division				(descent -- children are lineage descendants, R1; no dividing principle)	the input is split and one half conditions an invertible map on the other	an autoregressive or continuous-time map	NICE; RealNVP; Glow	R4: field-named, three substantive children, definable without listing them. Run B's division kept.
nice	NICE	coupling_flow	2	descent				(leaf)	additive coupling layers with unit Jacobian	affine or continuous maps	NICE	Speculative: no corpus support.
realnvp	RealNVP	coupling_flow	2	descent				(leaf)	affine coupling layers with multi-scale structure	additive-only coupling	RealNVP	R1 predecessor: NICE (`we extend NICE`), recorded here rather than as an edge so that the division stays a three-member set rather than a one-child chain. Attested (2).
glow	Glow	coupling_flow	2	descent				(leaf)	coupling layers with invertible 1x1 convolutions and actnorm	fixed channel permutations	Glow	R1 predecessor: RealNVP. Speculative: no corpus support.
autoregressive_flow	Autoregressive flow	normalizing_flow	1	division		causal-decoder		(descent -- children are lineage descendants, R1; no dividing principle)	each dimension is transformed conditioned on the previous ones	a coupling split or an ODE	MAF; IAF	R4: field-named, two substantive children.
maf	Masked autoregressive flow	autoregressive_flow	2	descent				(leaf)	stacked masked autoregressive conditioners, fast to evaluate	fast to sample, slow to evaluate	MAF	Lost its `MADE` second parent: MADE is a masked autoencoder, and the deleted `Autoencoder` root left it with no lineage content of its own (M-04). Speculative: no corpus support.
iaf	Inverse autoregressive flow	autoregressive_flow	2	descent				(leaf)	an autoregressive flow parameterised for fast sampling	fast evaluation, slow sampling	IAF	Speculative: no corpus support.
cnf	Continuous normalizing flow	normalizing_flow|neural_ode	1	descent				(descent -- children are lineage descendants, R1; no dividing principle)	the transformation is the solution of a learned ODE with the instantaneous change-of-variables formula	a finite stack of discrete invertible layers	CNF; categorical normalizing flows; MRCNF	R5 hybrid; both runs. Attested (3+). Relation is DESCENT, not division: it is a named design, so its single child is not an R4 one-child violation -- declared in SELF_AUDIT.
ffjord	FFJORD	cnf	2	descent				(leaf)	a CNF with a stochastic trace estimator	exact trace computation	FFJORD	Speculative: no corpus support.
neural_operator	Neural operator		0	root	integral-operator	single-component		the form of the integral kernel the operator layer parameterizes	the learned map is between function spaces and is independent of the discretisation resolution	a convnet trained on PDE solutions at one fixed grid resolution	FNO; DeepONet	Root (R6). BOTH runs added it in phase 2 as a blind spot. Attested (2+). AXIS GAP: no connectivity value describes a learned kernel integral between function spaces. Connectivity pinned 2026-10-02: the value was added to the axis after the merge exposed this node as unpinnable.
fno	Fourier neural operator	neural_operator	1	descent	convolution			(leaf)	the kernel integral is applied as a pointwise multiplication in Fourier space	a branch-and-trunk decomposition	FNO; fourier neural operator	Attested (2+).
deeponet	DeepONet	neural_operator	1	descent		multi-tower		(leaf)	a branch network over the input function and a trunk network over the query location	a spectral kernel layer	DeepONet	From run B. Speculative: no corpus support.
matrix_factorization	Matrix factorization		0	root	factorized	single-component		(descent -- children are lineage descendants, R1; no dividing principle)	the learned object is a pair of low-rank factor tables whose product reconstructs an observed matrix	latent vectors produced by an encoder from input features rather than looked up per entity	MF; NMF; PMF; PCA; CP decomposition	DISPUTE RESOLVED (M-01). This is what SURVIVES of run B's `Factorization model` root and run A's `Embedding model` root: both umbrellas are deleted because their shared content -- `a learned low-rank table` -- is now connectivity=factorized. What remains is this design family. Attested (several factorization names).
nmf	Non-negative matrix factorization	matrix_factorization	1	descent				(leaf)	factors constrained to be non-negative	unconstrained or orthogonal factors	NMF	Attested (1).
pmf	Probabilistic matrix factorization	matrix_factorization	1	descent			bayesian-weights	(leaf)	factors with Gaussian priors fitted to the observed entries	a deterministic least-squares factorization	PMF; BPRMF	From run B. Attested (1).
pca	Principal component analysis	matrix_factorization	1	descent				(leaf)	an orthogonal low-rank basis of the centred data matrix, applicable to unseen inputs	t-SNE / UMAP / PHATE, which embed the training points only and cannot map a new point -- those are algorithms	PCA; probabilistic PCA	DISPUTE RESOLVED (M-01): run B's `factorization` parent kept over run A's `Linear model`. PCA is truncated SVD, a low-rank factorization; keeping it here also keeps `Linear model` to supervised affine predictors. Rejected reading recorded in BOUNDARY_CASES L-03. Zero corpus support as a name.
ica	Independent component analysis	matrix_factorization	1	descent				(leaf)	factors are statistically independent sources mixed into the observations	factors chosen for variance or non-negativity	ICA	From run B. Speculative: no corpus support.
tensor_factorization	Tensor factorization	matrix_factorization	1	descent				(descent -- children are lineage descendants, R1; no dividing principle)	the factors reconstruct a multi-way array	a two-way matrix	CP decomposition; Tucker; HITF; CHITF	R1: framed as the multi-way generalisation of matrix decomposition. Attested (HITF, CHITF).
cp_decomposition	CP decomposition	tensor_factorization	2	descent				(leaf)	a sum of rank-one tensors	a core tensor with factor matrices	CANDECOMP/PARAFAC	
tucker_decomposition	Tucker decomposition	tensor_factorization	2	descent				(leaf)	a core tensor multiplied by one factor matrix per mode	a pure rank-one sum	Tucker	Speculative.
factorization_machine	Factorization machine	matrix_factorization	1	descent				(descent -- children are lineage descendants, R1; no dividing principle)	pairwise feature interactions modelled by inner products of per-feature latent vectors	entries of an entity-by-entity matrix	FM; FFM	R1: Rendle defines FM against factorization models (MF, SVD++) and SVMs.
glove	GloVe	matrix_factorization|word2vec	1	descent				(leaf)	a log-bilinear fit to global word co-occurrence counts	local-window prediction alone	GloVe	R5 hybrid, and the paper's own words: it `combines the advantages of the two major model families: global matrix factorization and local context window methods`. Speculative: ZERO corpus support, kept.
kg_embedding	Knowledge-graph embedding model		0	root	factorized	single-component		(descent -- children are lineage descendants, R1; no dividing principle)	entities and relations are looked up as vectors and a (head, relation, tail) triple is scored by an algebraic form on them	a text encoder applied to verbalised triples; a GNN, which learns a function rather than a table	TransE; DistMult; ComplEx; RotatE	Root (R6). Survives the deletion of both umbrella roots as a genuine design family. Attested (TransE 2, DistMult 2, RotatE 2). SELF_AUDIT: this is the node where the rejected characteristic `data structure consumed` comes closest to the surface.
transe	TransE	kg_embedding	1	descent				(descent -- children are lineage descendants, R1; no dividing principle)	relations modelled as translations in embedding space	a bilinear scoring function	TransE	Attested (2).
distmult	DistMult	kg_embedding	1	descent				(descent -- children are lineage descendants, R1; no dividing principle)	a diagonal bilinear scoring function	a translation or a complex-valued score	DistMult	Attested (2).
complex_kge	ComplEx	distmult	2	descent				(descent -- children are lineage descendants, R1; no dividing principle)	a bilinear score over complex-valued embeddings, capturing asymmetry	real-valued embeddings	ComplEx	R1: an extension of DistMult to complex space. The string `complex` also collides with the English word and is NOT resolved.
rotate	RotatE	transe|complex_kge	2	descent				(leaf)	relations modelled as rotations in complex space	translations in real space	RotatE	R5 hybrid: defined against both lines. Attested (2).
slot_attention	Slot attention		0	root	cross-attention	single-component	permutation-equivariance	(descent -- children are lineage descendants, R1; no dividing principle)	a fixed set of slots competes for input features through attention normalised OVER THE SLOTS, refined by a recurrent update	ordinary cross-attention, where the softmax is over keys and the queries do not compete	Slot Attention; SlotFormer; DINOSAUR; BO-QSA	DISPUTE RESOLVED (M-03): run A's ROOT reading kept over run B's `under Transformer`. The paper defines its mechanism against dot-product attention (Luong), not against the Transformer, and R2 forbids an edge on a shared primitive. Attested (5 + 3 variants) -- a real object-centric cluster, not a single artifact.
slotformer	SlotFormer	slot_attention|transformer	1	descent	self-attention			(leaf)	a Transformer over slot tokens predicting slot dynamics forward in time	a static slot encoder	SlotFormer	R5 hybrid. Attested (1). Added so the root is not a single-member root.
gaussian_splatting	3D Gaussian splatting		0	root		single-component		(leaf)	an explicit, optimizable set of anisotropic Gaussian primitives rendered by differentiable rasterisation	a coordinate MLP: there is no network	3D Gaussian splatting; 3DGS	Root (R6), from run A only. Its framing is an explicit CONTRAST with NeRF, and contrast is not descent, so no ancestor exists here. Speculative: ZERO corpus support, kept -- the ontology covers the field. AXIS GAP: it has no connectivity value, because it has no learned units wired to one another.
gearnet	gearnet	gnn	1	descent	spatial-message-passing							Placed 2026-10-06 from PLACEMENT_A: R1: the paper's own expansion is `GeomEtry-Aware Relational Graph Neural Network`, so the GNN edge is a framing claim. Relational edge-type message passing refines the parent's `Message passing`.
gpt_3_5_turbo	gpt-3.5-turbo	gpt35	3	descent								Placed 2026-10-06 from PLACEMENT_A: R3: a separately named release under GPT-3.5, not a spelling of it. Pins nothing new. Proposed node_id gpt35_turbo; `gpt-3.5 turbo` in this same worklist is its orthographic alias.
codegen	codegen	transformer	1	descent		causal-decoder						Placed 2026-10-06 from PLACEMENT_A: Autoregressive code LLM released as its own family (350M/2B/6B/16B). Same shape as StarCoder.
faenet	faenet	gnn	1	descent	spatial-message-passing							Placed 2026-10-06 from PLACEMENT_A: R1: `FAENet: a simple, fast and expressive GNN`. Deliberately drops symmetry-preserving constraints, which is the symmetry default, so nothing to pin there.
gpt_4v	gpt-4v	gpt4	3	descent								Placed 2026-10-06 from PLACEMENT_A: R3: a separately named release of GPT-4 (vision). No axis value for input modality, so it pins nothing -- see notes.
vit_b_16	vit-b/16	vit	2	descent								Placed 2026-10-06 from PLACEMENT_A: R3: a separately named release (size + patch size). Size variants are nodes, never aliases. Pins nothing beyond ViT.
alphacode	alphacode	transformer	1	descent		encoder-decoder						Placed 2026-10-06 from PLACEMENT_A: A named code-generation model; DeepMind describes an encoder-decoder Transformer. Topology pinned because the Transformer root pins none.
big_g_sparse	big-g sparse	transformer	1	descent		causal-decoder	conditional-computation					Placed 2026-10-06 from PLACEMENT_A: Google's Switch-style sparse model family evaluated in BIG-bench, named and reported as a distinct family from dense BIG-G. MoE routing is the pin that separates it.
dart	dart	transformer	1	descent		causal-decoder	quantized-latent					Placed 2026-10-06 from PLACEMENT_A: A transformer world model plus policy over discrete (codebook) tokens. Read as a named architecture it is a Transformer child; read as `a sample-efficient method` (its own words) it is algorithm-side. Low confidence, flagged.
dinosaur	dinosaur	slot_attention	1	descent								Placed 2026-10-06 from PLACEMENT_A: Object-centric model: Slot Attention over frozen DINO ViT features with feature reconstruction. R1 names slot attention; an R5 second parent (ViT/DINO) is arguable since the encoder is frozen and supplies the features the slots bind to.
dlinear	dlinear	linear_model	1	descent								Placed 2026-10-06 from PLACEMENT_A: A one-layer linear forecaster with trend/seasonal decomposition, introduced as the LTSF-Linear family. Pins nothing new: Linear model already gives fully-connected + single component. The decomposition front end has no axis value.
dyg2vec	dyg2vec	gnn	1	descent	spatial-message-passing	encoder-decoder						Placed 2026-10-06 from PLACEMENT_A: Self-described `encoder-decoder model for continuous-time dynamic graphs`, built on attention-based message passing over temporal neighbourhoods. The temporal-graph aspect has no axis value (see notes).
dyrep	dyrep	gnn	1	descent	spatial-message-passing							Placed 2026-10-06 from PLACEMENT_A: A representation-learning model over dynamic graphs: neighbourhood propagation driven by a temporal point process. The point-process part is a training objective; the wiring is message passing.
equibind	equibind	gnn	1	descent	spatial-message-passing		euclidean-equivariance					Placed 2026-10-06 from PLACEMENT_A: `an equivariant model that directly predicts the coordinates of the docked pose` -- an SE(3)-equivariant graph matching network. EGNN is a plausible R5/R1 alternative parent. Topology deliberately left inherited: the two graphs exchange messages at every layer, so `multi-tower` (combined only at the
forcenet	forcenet	gnn	1	descent	spatial-message-passing							Placed 2026-10-06 from PLACEMENT_A: `a scalable force-centric GNN that does not impose explicit physical constraints` -- R1 names GNN, and the explicit non-equivariance is the symmetry default, so there is nothing to pin.
gatedgcn	gatedgcn	gnn	1	descent	spatial-message-passing		additive-residual					Placed 2026-10-06 from PLACEMENT_A: Residual Gated Graph ConvNet (Bresson & Laurent). The quote itself notes the residual connections, which is the attribute pin. `gcn` is a possible alternative parent; the paper frames it from graph ConvNets plus edge gates.
gemini_1_5_pro	gemini 1.5 pro	gemini	2	descent			conditional-computation					Placed 2026-10-06 from PLACEMENT_A: R3: a separately named release. The technical report describes it as a sparse mixture-of-experts Transformer, which is the one pin that differs from the Gemini parent.
ghn_3	ghn-3	gnn	1	descent								Placed 2026-10-06 from PLACEMENT_A: Graph HyperNetwork (third generation): a GNN over a network's computational graph that predicts another network's parameters. The GNN edge is R1-grounded, but the axes have no value for a hypernetwork (a model whose output is another model's weights) -- see notes. Its true R1 parent GHN-2 is absent.
goku_ui	goku-ui	vae	3	descent								Placed 2026-10-06 from PLACEMENT_A: `an evolution of the SciML generative model GOKU-nets`: a VAE whose latent evolves under a learned ODE/SDE. Its literal R1 parent GOKU-net is absent, and Neural ODE is the natural R5 second parent but would wrongly import `standard convolution` (see notes). Latent-ODE dynamics have no connectivity v
google_translate	google translate	transformer	1	descent		encoder-decoder						Placed 2026-10-06 from PLACEMENT_A: A product name, which L-24 admits as a node under the family vendor documentation supports -- Google documents a Transformer NMT system since 2020. But the served system changed backbone (GNMT was LSTM-based), so this pin is time-dependent in a way the other L-24 products are not.
gpt_4o	gpt-4o	gpt4	3	descent								Placed 2026-10-06 from PLACEMENT_A: R3: a separately named release in the GPT-4 generation. No axis value for the omni/multimodal interface, so it pins nothing.
itra	itra	rnn	1	descent		encoder-decoder	stochastic-latent					Placed 2026-10-06 from PLACEMENT_A: The quote states the design: a conditional variational recurrent neural network followed by a kinematic model. There is no `Variational RNN` family, so the stochastic latent and encoder-decoder shape are pinned directly on a Recurrent network child. The bicycle kinematic model is a non-learned compo
lag_llama	lag-llama	llama	2	descent								Placed 2026-10-06 from PLACEMENT_A: R1 by name and by framing: a decoder-only foundation model for probabilistic time-series forecasting built on the LLaMA architecture. Pins nothing new -- the lag-feature tokenization and the distributional output head are input/output choices no axis carries (see notes).
latent_bottlenecked_attentive_neural_processes_lbanps	latent bottlenecked attentive neural processes (lbanps)	neural_process	3	descent	cross-attention							Placed 2026-10-06 from PLACEMENT_A: R1: `a new computationally efficient sub-quadratic NP variant`. The latent bottleneck is a fixed set of latent vectors read by cross-attention, which the parent does not have.
m2m_100	m2m-100	transformer	1	descent		encoder-decoder						Placed 2026-10-06 from PLACEMENT_A: A named many-to-many multilingual translation model release; encoder-decoder Transformer.
mosaiks	mosaiks	kernel_ridge	2	descent	convolution							Placed 2026-10-06 from PLACEMENT_A: `Kitchen Sinks` in the expanded name is literal: random convolutional features followed by ridge regression, i.e. random-feature kernel ridge. The convolution pin is the random featurizer. Low confidence -- `Linear model` is a defensible alternative parent if the random features are read as preproce
opt_1_3b	opt-1.3b	opt	4	descent								Placed 2026-10-06 from PLACEMENT_A: R3: a separately named size release under OPT. Size variants are nodes, never aliases.
perceiver_io	perceiver io	perceiver	2	descent		encoder-decoder						Placed 2026-10-06 from PLACEMENT_A: R3/R1: a separately named release that adds an output-query cross-attention decoder, which is the topology pin. Note the parent Perceiver currently resolves to NO topology at all (see notes).
phi_1_5	phi 1.5	phi	2	descent								Placed 2026-10-06 from PLACEMENT_A: R3: a separately named release under Phi.
protst	protst	esm	2	descent		multi-tower						Placed 2026-10-06 from PLACEMENT_A: The released artifact is a protein-sequence tower plus a biomedical-text tower aligned in a shared space, i.e. the CLIP shape; R5 composite with the text encoder (PubMedBERT, admitted elsewhere in this file). The multimodal pretraining objective itself is algorithm-side. Low confidence: the paper ca
sepformer	sepformer	transformer	1	descent		encoder-decoder	sparse-attention					Placed 2026-10-06 from PLACEMENT_A: Masking-based speech separation: a learned convolutional encoder and decoder around a dual-path Transformer masker, hence the encoder-decoder pin. Dual-path chunking scores only intra- and inter-chunk pairs, which is sparse/local attention. CNN is a plausible R5 second parent for the learned front e
shallowconvnet	shallowconvnet	cnn	1	descent	standard-convolution							Placed 2026-10-06 from PLACEMENT_A: A named shallow EEG-decoding convnet (Schirrmeister et al.), the companion of DeepConvNet, and a sibling of the existing EEGNet node.
tankbind	tankbind	gnn	1	descent								Placed 2026-10-06 from PLACEMENT_A: A named binding-structure predictor: graph encoders for protein and ligand plus a trigonometry-aware interaction module predicting a distance map. The GNN edge is the best-supported one, but the paper's framing is about the trigonometry module and the pocket decomposition, so the parent is weak.
transunet	transunet	unet|transformer	1	descent	self-attention							Placed 2026-10-06 from PLACEMENT_A: R5 hybrid, and the quote is the framing claim verbatim: `the first model that combines Transformer and U-Net`. Topology (encoder-decoder), convolution and the concatenative skips all come from U-Net; the new pin is self-attention in the encoder.
gpt_neo	gpt-neo	gpt3	3	descent								Placed 2026-10-06 from PLACEMENT_B: R1: EleutherAI's open replication, introduced as GPT-3-like decoder LMs. Sibling of `gpt_neox`. Pins nothing -- self-attention, causal decoder and additive residual are all inherited.
distilhubert	distilhubert	wav2vec2	2	descent								Placed 2026-10-06 from PLACEMENT_B: R1 + R3: a separately named distilled release of HuBERT.
ecapa_tdnn	ecapa-tdnn	tdnn	2	descent	dilated-convolution		additive-residual					Placed 2026-10-06 from PLACEMENT_B: R1: Emphasized Channel Attention, Propagation and Aggregation in TDNN -- defined against the x-vector TDNN. Adds Res2Net-style dilated 1D convolutions and residual connections. Its squeeze-excitation channel attention is NOT pinned as connectivity, following `senet`, which pins nothing for the same 
knn_lm	knn-lm	transformer	1	descent		causal-decoder	external-memory					Placed 2026-10-06 from PLACEMENT_B: R1: Nearest Neighbor Language Models -- a Transformer LM whose next-token distribution is interpolated with a kNN lookup over a datastore. The attributes axis lists retrieval-augmented models under `External memory`, which makes this model-side rather than a decoding trick.
realm	realm	bert	2	descent			external-memory					Placed 2026-10-06 from PLACEMENT_B: R1: Retrieval-Augmented Language Model pre-training -- a BERT-style masked LM coupled to a learned neural retriever over a document store. Pins only the memory attribute; the bidirectional encoder stack comes from `bert`.
albef	albef	vit|bert	2	descent	cross-attention	multi-tower						Placed 2026-10-06 from PLACEMENT_B: R5 composite: a ViT image encoder and a BERT text encoder aligned contrastively ("Align before Fuse"), then joined by a cross-attention multimodal encoder. Pins mirror `vilbert`, the closest existing node.
big_g	big-g	transformer	1	descent		causal-decoder						Placed 2026-10-06 from PLACEMENT_B: The BIG-bench paper's name for Google's internal dense decoder-only Transformer LMs, reported as a size series. Sibling of the other dense LM families attached directly to `transformer`.
bit_s_101	bit-s-101	resnet	2	descent								Placed 2026-10-06 from PLACEMENT_B: Big Transfer (BiT) ResNet-v2-101: a separately named release (R3), and the quote says so. Attached directly to `resnet` because the intermediate `BiT` node does not exist -- see notes; `BiT` would be descent, not grouping, so it is creatable, just not by me here.
constant_memory_attentive_neural_processes_cmanps	constant memory attentive neural processes (cmanps)	neural_process	3	descent	cross-attention|self-attention		linear-attention					Placed 2026-10-06 from PLACEMENT_B: R1: a Neural Process built from Constant Memory Attention Blocks. `Linear attention` is the nearest available value but is not exactly right -- the claim is constant MEMORY in the context size. See notes.
corels	corels	decision_list	2	descent								Placed 2026-10-06 from PLACEMENT_B: Certifiably Optimal RulE ListS. The learned object is a rule list; the branch-and-bound search is the algorithm. Same split as `xgboost`, which is a node under `gbdt` while boosting is the algorithm.
crossvivit	crossvivit	vit	2	descent	cross-attention							Placed 2026-10-06 from PLACEMENT_B: R1: a cross-attention ViViT over paired spatiotemporal streams (station series plus satellite context). Its literal R1 parent is ViViT, the video ViT, which is not a node -- see notes.
deepspeech	deepspeech	rnn	1	descent	convolution|gated-recurrence							Placed 2026-10-06 from PLACEMENT_B: R1: Deep Speech / Deep Speech 2 is an end-to-end ASR stack -- a convolutional front end into bidirectional gated recurrent layers. The CTC loss is algorithm-side. Attached at the `rnn` root because no named recurrent ASR parent exists.
distilgpt2	distilgpt2	gpt2	3	descent								Placed 2026-10-06 from PLACEMENT_B: R1 + R3: a separately named distilled release of GPT-2.
dlrm	dlrm	mlp|matrix_factorization	1	descent								Placed 2026-10-06 from PLACEMENT_B: R5 hybrid, mirroring `deepfm`: embedding tables with a dot-product (low-rank) interaction feeding MLP towers. DLRM is framed as joining the collaborative-filtering and the predictive-analytics traditions, which is exactly those two parents.
e3bind	e3bind	gnn	1	descent			euclidean-equivariance					Placed 2026-10-06 from PLACEMENT_B: A named E(3)-equivariant network that iteratively refines a ligand pose. Its R1 parent is most likely EquiBind, which is not a node, so I attached it at the family root instead of guessing an edge. Verify -- see notes.
flava	flava	vit|transformer	1	descent	cross-attention	multi-tower						Placed 2026-10-06 from PLACEMENT_B: R5 composite: a ViT image encoder and a matching text encoder joined by a multimodal fusion encoder. The text tower is pinned to `transformer` rather than `bert` because FLAVA's text encoder is a ViT-architecture encoder, not a BERT release.
fusionretro	fusionretro	transformer	1	descent		encoder-decoder						Placed 2026-10-06 from PLACEMENT_B: A SMILES sequence-to-sequence Transformer for retrosynthesis that fuses reaction-context embeddings. The quote calls it a framework but the named object is the model; the quote does not state its R1 parent.
gcnii	gcnii	gcn	3	descent			additive-residual					Placed 2026-10-06 from PLACEMENT_B: R1: GCN with Initial residual and Identity mapping. The residual path is precisely what it adds to GCN, and the quote names GCN as its baseline.
gemnet	gemnet	dimenet	3	descent								Placed 2026-10-06 from PLACEMENT_B: R1: a generalisation of directional message passing (DimeNet), by the same authors. Pins nothing -- `dimenet` already pins Euclidean equivariance. See notes: the quote calls GemNet INVARIANT, and the axis has no invariance value distinct from equivariance.
gps	gps++	mpnn|graph_transformer	2	descent								Placed 2026-10-06 from PLACEMENT_B: R5 hybrid, and the quote states it outright: "a hybrid Message Passing Neural Network / Graph Transformer model". Its literal R1 parent is GraphGPS, which is not a node -- see notes.
gpt_4_turbo	gpt-4 turbo	gpt4	3	descent								Placed 2026-10-06 from PLACEMENT_B: R3: a separately named release.
gpt_j	gpt-j	gpt3	3	descent								Placed 2026-10-06 from PLACEMENT_B: EleutherAI's 6B GPT-3-class decoder LM; sibling of `gpt_neox` and `gpt-neo`. Explicitly NOT an alias of GPT-4 -- that is the known string-similarity defect.
gvp	gvp	gnn	1	descent			euclidean-equivariance					Placed 2026-10-06 from PLACEMENT_B: Geometric Vector Perceptron network: message passing over protein structure with vector-valued features that rotate with the input. The quote uses it as a structure encoder beside GearNet and CDConv, neither of which is a node.
llama2_7b_chat	llama2-7b-chat	llama2	3	descent								Placed 2026-10-06 from PLACEMENT_B: R3: a separately named release (size plus chat tuning). Brief 4.7 places `llama2-7b` exactly this way.
moleculesde	moleculesde	gnn	1	descent			euclidean-equivariance					Placed 2026-10-06 from PLACEMENT_B: The named object is an SE(3)-equivariant graph network over paired 2D and 3D molecular views; the SDE/diffusion machinery is algorithm-side under the backbone test. Attached at the family root because the quote does not name a parent.
muformer	muformer	transformer	1	descent		bidirectional-encoder						Placed 2026-10-06 from PLACEMENT_B: The quote describes "our denoising transformer model" with an attention mechanism mixing 2D graph connectivity and 3D spatial information -- a Transformer variant. No further pin is safe from the quote alone. Topology pinned 2026-10-06 (audit: resolved to none). A denoising Transformer encoder attending over graph and geometry jointly.
nllb_no_language_left_behind	nllb (no language left behind)	transformer	1	descent		encoder-decoder	conditional-computation					Placed 2026-10-06 from PLACEMENT_B: NLLB-200: a sparsely gated mixture-of-experts encoder-decoder translation model. The distilled dense variants are separate releases that would re-pin routing back to the default.
painn	painn	mpnn	2	descent			euclidean-equivariance					Placed 2026-10-06 from PLACEMENT_B: R1: equivariant message passing, introduced explicitly against invariant MPNNs such as SchNet. `mpnn` pins only permutation equivariance, so the Euclidean value has to be pinned here.
patchtst	patchtst	transformer	1	descent		bidirectional-encoder						Placed 2026-10-06 from PLACEMENT_B: R1: a Transformer encoder over patches of a time series, channel-independent -- the same move ViT makes for images. Encoder-only, so the topology has to be pinned (the `transformer` root pins none).
protseed	protseed	transformer	1	descent		single-component	euclidean-equivariance					Placed 2026-10-06 from PLACEMENT_B: An equivariant protein sequence-structure co-design network. The quote does not name its R1 parent; AlphaFold-style modules are the likely source. Verify -- see notes. Topology pinned 2026-10-06 (audit: resolved to none).
sa_mesh	sa-mesh	slot_attention	1	descent								Placed 2026-10-06 from PLACEMENT_B: R1: a Slot Attention variant -- the quote calls it an "object-centric architecture", and the MESH change is to slot attention's assignment cost.
shallownet	shallownet	cnn	1	descent	standard-convolution							Placed 2026-10-06 from PLACEMENT_B: Cited as a specific baseline ("[18]") and the quote gives the architecture: two convolutional layers, each followed by max-pooling and dropout. Probably Schirrmeister et al.'s ShallowConvNet, the EEG baseline that sits beside `eegnet`. If the citation is spurious the name is a generic -- see notes.
stable_diffusion_2_1	stable diffusion 2.1	stable_diffusion	3	descent								Placed 2026-10-06 from PLACEMENT_B: R3: a separately named release, and the quote contrasts it with 1.5.
starcoderbase	starcoderbase	transformer	1	descent		causal-decoder						Placed 2026-10-06 from PLACEMENT_B: A decoder-only code LM, attached at `transformer` like the other open LLM families (Mistral, BLOOM, Falcon, Qwen). See notes: `StarCoder`, fine-tuned from it, would be a child of this node.
swin_b	swin-b	swin	3	descent								Placed 2026-10-06 from PLACEMENT_B: R3: a separately named size variant of Swin Transformer. Size variants are nodes, not spellings.
tgn	tgn	gnn	1	descent	gated-recurrence		external-memory					Placed 2026-10-06 from PLACEMENT_B: Temporal Graph Networks: message passing over a dynamic graph with a per-node memory vector updated by a GRU. The memory is an addressable store outside the parameters, which is the `External memory` test.
uniter	uniter	bert|cnn	1	descent		bidirectional-encoder						Placed 2026-10-06 from PLACEMENT_B: R5 composite: a single-stream BERT-style encoder over the concatenation of text tokens and Faster R-CNN region features. Unlike `vilbert` it is ONE tower, so it pins neither cross-attention nor multi-tower; the inherited bidirectional encoder stack is right. Topology pinned 2026-10-06 (audit: parents bert|cnn disagreed). UNITER is a single-stream encoder over the concatenation of image regions and text, not two towers.
v_net	v-net	unet	3	descent								Placed 2026-10-06 from PLACEMENT_B: R1, and the quote says it: V-Net "leverages different types of backbones to the U-Net architecture" for 3D volumetric segmentation. A sibling of `unet_3d`, not the same design. Axes deliberately left empty: V-Net has BOTH U-Net concatenative skips and ResNet-style additive residuals, and `Shortcut c
wurstchen	wurstchen	stable_diffusion	3	descent								Placed 2026-10-06 from PLACEMENT_B: A three-stage latent-diffusion text-to-image architecture whose contribution is a far more aggressively compressed latent stage; R1 against latent diffusion, which is the `stable_diffusion` node's own canonical name. The three-stage cascade is not expressible on topology -- see notes.
x_vlm	x-vlm	vit|bert	2	descent	cross-attention	multi-tower						Placed 2026-10-06 from PLACEMENT_B: R5 composite: a vision encoder and a text encoder joined by a cross-modal fusion encoder, aligned at multiple granularities. Same shape as `albef`.
